Release 3 - Nutrient profiles (per 100 mL),Unnamed: 1,Unnamed: 2,Unnamed: 3,Unnamed: 4,Unnamed: 5,Unnamed: 6,Unnamed: 7,Unnamed: 8,Unnamed: 9,Unnamed: 10,Unnamed: 11,Unnamed: 12,Unnamed: 13,Unnamed: 14,Unnamed: 15,Unnamed: 16,Unnamed: 17,Unnamed: 18,Unnamed: 19,Unnamed: 20,Unnamed: 21,Unnamed: 22,Unnamed: 23,Unnamed: 24,Unnamed: 25,Unnamed: 26,Unnamed: 27,Unnamed: 28,Unnamed: 29,Unnamed: 30,Unnamed: 31,Unnamed: 32,Unnamed: 33,Unnamed: 34,Unnamed: 35,Unnamed: 36,Unnamed: 37,Unnamed: 38,Unnamed: 39,Unnamed: 40,Unnamed: 41,Unnamed: 42,Unnamed: 43,Unnamed: 44,Unnamed: 45,Unnamed: 46,Unnamed: 47,Unnamed: 48,Unnamed: 49,Unnamed: 50,Unnamed: 51,Unnamed: 52,Unnamed: 53,Unnamed: 54,Unnamed: 55,Unnamed: 56,Unnamed: 57,Unnamed: 58,Unnamed: 59,Unnamed: 60,Unnamed: 61,Unnamed: 62,Unnamed: 63,Unnamed: 64,Unnamed: 65,Unnamed: 66,Unnamed: 67,Unnamed: 68,Unnamed: 69,Unnamed: 70,Unnamed: 71,Unnamed: 72,Unnamed: 73,Unnamed: 74,Unnamed: 75,Unnamed: 76,Unnamed: 77,Unnamed: 78,Unnamed: 79,Unnamed: 80,Unnamed: 81,Unnamed: 82,Unnamed: 83,Unnamed: 84,Unnamed: 85,Unnamed: 86,Unnamed: 87,Unnamed: 88,Unnamed: 89,Unnamed: 90,Unnamed: 91,Unnamed: 92,Unnamed: 93,Unnamed: 94,Unnamed: 95,Unnamed: 96,Unnamed: 97,Unnamed: 98,Unnamed: 99,Unnamed: 100,Unnamed: 101,Unnamed: 102,Unnamed: 103,Unnamed: 104,Unnamed: 105,Unnamed: 106,Unnamed: 107,Unnamed: 108,Unnamed: 109,Unnamed: 110,Unnamed: 111,Unnamed: 112,Unnamed: 113,Unnamed: 114,Unnamed: 115,Unnamed: 116,Unnamed: 117,Unnamed: 118,Unnamed: 119,Unnamed: 120,Unnamed: 121,Unnamed: 122,Unnamed: 123,Unnamed: 124,Unnamed: 125,Unnamed: 126,Unnamed: 127,Unnamed: 128,Unnamed: 129,Unnamed: 130,Unnamed: 131,Unnamed: 132,Unnamed: 133,Unnamed: 134,Unnamed: 135,Unnamed: 136,Unnamed: 137,Unnamed: 138,Unnamed: 139,Unnamed: 140,Unnamed: 141,Unnamed: 142,Unnamed: 143,Unnamed: 144,Unnamed: 145,Unnamed: 146,Unnamed: 147,Unnamed: 148,Unnamed: 149,Unnamed: 150,Unnamed: 151,Unnamed: 152,Unnamed: 153,Unnamed: 154,Unnamed: 155,Unnamed: 156,Unnamed: 157,Unnamed: 158,Unnamed: 159,Unnamed: 160,Unnamed: 161,Unnamed: 162,Unnamed: 163,Unnamed: 164,Unnamed: 165,Unnamed: 166,Unnamed: 167,Unnamed: 168,Unnamed: 169,Unnamed: 170,Unnamed: 171,Unnamed: 172,Unnamed: 173,Unnamed: 174,Unnamed: 175,Unnamed: 176,Unnamed: 177,Unnamed: 178,Unnamed: 179,Unnamed: 180,Unnamed: 181,Unnamed: 182,Unnamed: 183,Unnamed: 184,Unnamed: 185,Unnamed: 186,Unnamed: 187,Unnamed: 188,Unnamed: 189,Unnamed: 190,Unnamed: 191,Unnamed: 192,Unnamed: 193
,,,,,,,,,,,,,,,,,,,,,,,,,,,,,,,,,,,,,,,,,,,,,,,,,,,,,,,,,,,,,,,,,,,,,,,,,,,,,,,,,,,,,,,,,,,,,,,,,,,,,,,,,,,,,,,,,,,,,,,,,,,,,,,,,,,,,,,,,,,,,,,,,,,,,,,,,,,,,,,,,,,,,,,,,,,,,,,,,,,,,,,,,,,,,,,,,
Public Food Key,Classification,Derivation,Food Name,"Energy with dietary fibre, equated
(kJ)","Energy, without dietary fibre, equated  
(kJ)","Moisture (water) 
(g)","Protein 
(g)","Nitrogen 
(g)","Fat, total 
(g)","Ash 
(g)","Total dietary fibre 
(g)","Alcohol 
(g)","Fructose 
(g)","Glucose 
(g)","Sucrose
(g)","Maltose 
(g)","Lactose 
(g)","Galactose 
(g)",Total sugars (g),Added sugars (g),"Free sugars 
(g)","Starch 
(g)","Dextrin 
(g)","Glycerol 
(g)","Glycogen 
(g)","Inulin 
(g)","Erythritol 
(g)","Maltitol 
(g)","Mannitol 
(g)","Xylitol 
(g)",Maltodextrin (g),"Oligosaccharides
(g)","Polydextrose 
(g)","Raffinose 
(g)","Stachyose 
(g)","Sorbitol 
(g)","Resistant starch 
(g)","Available carbohydrate, without sugar alcohols 
(g)","Available carbohydrate, with sugar alcohols 
(g)","Acetic acid 
(g)","Citric acid 
(g)","Fumaric acid 
(g)","Lactic acid 
(g)","Malic acid
 (g)","Oxalic acid 
(g)","Propionic acid 
(g)","Quinic acid 
(g)","Shikimic acid 
(g)","Succinic acid 
(g)","Tartaric acid 
(g)","Aluminium (Al) 
(ug)","Antimony (Sb) 
(ug)","Arsenic (As) 
(ug)","Cadmium (Cd) 
(ug)","Calcium (Ca) 
(mg)","Chromium (Cr) 
(ug)","Chloride (Cl) 
(mg)","Cobalt (Co) 
(ug)","Copper (Cu) 
(mg)","Fluoride (F) 
(ug)","Iodine (I) 
(ug)","Iron (Fe) 
(mg)","Lead (Pb) 
(ug)","Magnesium (Mg) 
(mg)","Manganese (Mn) 
(mg)","Mercury (Hg) 
(ug)","Molybdenum (Mo) 
(ug)","Nickel (Ni) 
(ug)","Phosphorus (P) 
(mg)","Potassium (K) 
(mg)","Selenium (Se) 
(ug)","Sodium (Na) 
(mg)","Sulphur (S) 
(mg)","Tin (Sn) 
(ug)","Zinc (Zn) 
(mg)","Retinol (preformed vitamin A) 
(ug)","Alpha-carotene 
(ug)","Beta-carotene 
(ug)","Cryptoxanthin 
(ug)","Beta-carotene equivalents (provitamin A) 
(ug)","Vitamin A retinol equivalents 
(ug)","Lutein 
(ug)","Lycopene 
(ug)","Xanthophyl 
(ug)","Thiamin (B1) 
(mg)","Riboflavin (B2) 
(mg)","Niacin (B3) 
(mg)","Niacin derived from tryptophan 
(mg)","Niacin derived equivalents 
(mg)","Pantothenic acid (B5) 
(mg)","Pyridoxine (B6) 
(mg)","Biotin (B7) 
(ug)","Cobalamin (B12) 
(ug)","Folate, natural 
(ug)","Folic acid 
(ug)","Total folates 
(ug)","Dietary folate equivalents 
(ug)","Vitamin C 
(mg)","Cholecalciferol (D3) 
(ug)","Ergocalciferol (D2) 
(ug)","25-hydroxy cholecalciferol (25-OH D3) 
(ug)","25-hydroxy ergocalciferol (25-OH D2) 
(ug)","Vitamin D3 equivalents 
(ug)","Alpha tocopherol 
(mg)","Alpha tocotrienol 
(mg)","Beta tocopherol 
(mg)","Beta tocotrienol 
(mg)","Delta tocopherol 
(mg)","Delta tocotrienol 
(mg)","Gamma tocopherol 
(mg)","Gamma tocotrienol 
(mg)","Vitamin E 
(mg)",C4 (g),C6 (g),C8 (g),C10 (g),C11 (g),C12 (g),C13 (g),C14 (g),C15 (g),C16 (g),C17 (g),C18 (g),C19 (g),C20 (g),C21 (g),C22 (g),C23 (g),C24 (g),"Total saturated fatty acids, equated 
(g)",C12:1 (g),C14:1 (g),C15:1 (g),C16:1 (g),C17:1 (g),C18:1 (g),C18:1w7 (g),C20:1 (g),C20:1w11 (mg),C22:1 (g),C22:1w11 (mg),C24:1 (g),"Total monounsaturated fatty acids, equated 
(g)",C12:2 (g),C16:2w4 (mg),C16:3 (g),C18:2w6 (g),C18:3w3 (g),C18:3w4 (g),C18:3w6 (mg),C18:4w1 (g),C18:4w3 (mg),C20:2 (mg),C20:2w6 (mg),C20:3 (mg),C20:3w3 (mg),C20:3w6 (mg),C20:4 (g),C20:4w3 (mg),C20:4w6 (mg),C20:5w3 (mg),C21:5w3 (g),C22:5w3 (mg),C22:4w6 (mg),C22:2 (g),C22:2w6 (mg),C22:5w6 (g),C22:6w3 (mg),"Total polyunsaturated fatty acids, equated 
(g)","Total long chain omega 3 fatty acids, equated 
(mg)","Total undifferentiated fatty acids, mass basis
(mg)","Total trans fatty acids, imputed 
(mg)","Caffeine 
(mg)","Cholesterol 
(mg)","Alanine 
(mg)","Arginine 
(mg)","Aspartic acid 
(mg)","Cystine plus cysteine 
(mg)","Glutamic acid 
(mg)","Glycine 
(mg)","Histidine 
(mg)","Isoleucine 
(mg)","Leucine 
(mg)","Lysine 
(mg)","Methionine 
(mg)","Phenylalanine 
(mg)","Proline 
(mg)","Serine 
(mg)","Threonine 
(mg)","Tyrosine 
(mg)","Tryptophan 
(mg)","Valine 
(mg)"
F008936,31304,Recipe,"Stock, liquid, all flavours (except fish), prepared from commercial powder or cube",18,18,100.1,0.2,0.04,0.2,1.1,0,0,0,0,0.1,0,0,,0.1,0,0,0.4,,,,,,,,,,,,,,,,0.4,0.4,,,,,,,,,,,,,,,,3,,644,,0.035,81.25,1.6,0.06,,2,0.317,,,,4,5,0.1,369,6,,0.01,0,,0,,0,0,,,,0.002,0.003,0.06,0.03,0.09,,0,,0,0,0,0,0,0,0,0,0,0,0,0,,,,,,,,0,,,,,,,,,,0.07,,,,,,,,,0.09,,,,,,,,,,,,,0.06,,,,0.01,0,,,,,,,,,,,,,0,,0,,,,,0,0.01,0,,8.73,0,0,,,,,,,,,,,,,,,,,2,
F009351,31401,Borrowed,"Vanilla, artificial or imitation",231,231,85.6,0,0,0,0,0,0,,,,,,,14.4,0,0,0,,,,,,,,,,,,,,,,14.4,14.4,,,,,,,,,,,,,,,,3,,,,,,0.2,0.05,,1,,,,,0,0,0,3,,,0.01,0,,0,,0,0,,,,0.003,0.029,0.13,0,0.13,,0.01,,0,0,0,0,0,0,0,0,0,0,0,0,,,,,,,,0,,,,,,,,,,,,,,,,,,,0,,,,,,,,,,,,,0,,,,0,0,,,,,,,,,,,,,0,,0,,,,,0,0,0,,0,0,0,,,,,,,,,,,,,,,,,0,
F000996,29101,Analysed,"Beer, high alcohol (5% v/v & above)",176,176,92.8,0.5,0.08,0,0,0,4.6,0,0,0,0.2,0,,0.2,0,0,0,1.3,,,,,,,,0.5,,,,,,,2.1,2.1,0,0,,0,0,,,0,,0,0.1,1.6,0,0,0,4,0.2,39,,0.003,60.6,0,0.01,0,9,0.226,0,0.2,1,23,55,0,4,8,0,0,0,0,0,0,0,0,,,,0,0.04,0,0.06,0.06,0,0.03,1,0,0,0,0,0,0,0,0,0,0,0,0,,0,,0,,0,,0,,,,,,,,,,0,,,,,,,,,0,,,,,,0,,,,,,,0,,,,0,0,,,,,,,,,,,,,0,,0,,,,,0,0,0,,0,0,0,,,,,,,,,,,,,,,,,3,
F000994,29101,Analysed,"Beer, full strength (alcohol 4-4.9% v/v)",153,153,93.9,0.4,0.06,0,0.1,0,3.7,0,0,0,0,0,,0,0,0,0,1.8,,,,,,,,0.4,,,,,,,2.3,2.3,0,0,,0,0,,,0,,0,0.1,1.9,0,0,0,4,0.2,25,,0.002,50.5,0,0,0,6,0.034,0,0,1,16,36,0,4,11,0,0,0,0,0,0,0,0,,,,0,0.03,0,0.05,0.05,0,0.03,0.9,0,0,0,0,0,0,0,0,0,0,0,0,,0,,0,,0,,0,,,,,,,,,,0,,,,,,,,,0,,,,,,0,,,,,,,0,,,,0,0,,,,,,,,,,,,,0,,0,,,,,0,0,0,,0,0,0,,,,,,,,,,,,,,,,,3,
F000995,29101,Analysed,"Beer, full strength (alcohol 4-4.9% v/v), carbohydrate modified",127,127,95.5,0.3,0.05,0,0,0,3.6,0,0,0,0,0,,0,0,0,0,0.8,,,,,,,,0.2,,,,,,,1,1,0,0,,0,0,,,0,,0,0,1.3,,0,0,3,0,19,,0.001,70.7,0,0.01,0,5,0.008,,0,1,16,28,0,4,7,,0,0,0,0,0,0,0,,,,0,0,0,0.03,0.03,0,0.03,0.9,0,0,0,0,0,0,0,0,0,0,0,0,,0,,0,,0,,0,,,,,,,,,,0,,,,,,,,,0,,,,,,0,,,,,,,0,,,,0,0,,,,,,,,,,,,,0,,0,,,,,0,0,0,,0,0,0,,,,,,,,,,,,,,,,,2,
F001006,29102,Analysed,"Beer, mid-strength (alcohol 3-3.9% v/v)",129,129,95,0.3,0.05,0,0,0,3,0,0,0,0,0,,0,0,0,0,2,,,,,,,,0,,,,,,,2.2,2.2,0,0,,0,0,,,0,,0,0.1,2.1,,0,0,4,0,28,,0.002,82.82,0,0,0,5,0.008,,0,1,12,31,0,3,7,,0,0,0,0,0,0,0,,,,0,0,0,0.03,0.03,0,0.03,0.9,0,0,0,0,0,0,0,0,0,0,0,0,,0,,0,,0,,0,,,,,,,,,,0,,,,,,,,,0,,,,,,0,,,,,,,0,,,,0,0,,,,,,,,,,,,,0,,0,,,,,0,0,0,,0,0,0,,,,,,,,,,,,,,,,,2,
F001004,29102,Analysed,"Beer, light (alcohol 1-2.9% v/v)",101,101,95.4,0.2,0.03,0,0,0,2.1,0,0,0,0,0,,0,0,0,0,1.9,,,,,,,,0.2,,,,,,,2.2,2.2,0,0,,0,0,,,0,,0,0,0,,0,0,3,0,28,,0.001,82.82,0,0,0,5,0.006,,0,1,12,28,0,3,7,,0,0,0,0,0,0,0,,,,0,0,0,0.02,0.02,0,0.03,0.9,0,0,0,0,0,0,0,0,0,0,0,0,,0,,0,,0,,0,,,,,,,,,,0,,,,,,,,,0,,,,,,0,,,,,,,0,,,,0,0,,,,,,,,,,,,,0,,0,,,,,0,0,0,,0,0,0,,,,,,,,,,,,,,,,,1,
F000050,29301,Imputed,"Alcoholic beverage, spirit, ~30% v/v, all (Brandy, Gin, Rum, Vodka and Whisky), cooked",302,302,86.4,0,0,0,0,0,10.3,0,0,0.3,0,0,,0.3,0,0,0,,,,,,,,,,,,,,,,0.3,0.3,,,,,,,,,,,,,,,,1,,1,,0.01,64,0,0.06,,1,0,,,,0,1,0,2,2,,0.06,0,,0,,0,0,,,,0,0,0,0,0,,0,,0,0,0,0,0,0,0,0,0,0,0,0,,,,,,,,0,,,,,,,,,,0,,,,,,,,,0,,,,,,0,,,,,,,0,,,,0,0,,,,,,,,,,,,,0,,0,,,,,0,0,0,,0,0,0,,,,,,,,,,,,,,,,,0,
F000051,29301,Analysed,"Alcoholic beverage, spirit, ~40% v/v, all (Brandy, Gin, Rum, Vodka and Whisky)",856,856,64.2,0,0,0,0,0,29.5,0,0,0.1,0,0,,0.1,0,0,0,,,,,,,,,,,,,,,,0.1,0.1,,,,,,,,,,,,,,,,0,,0,,0.006,43.2,0,0.05,,0,0,,,,0,1,0,3,0,,0.02,0,,0,,0,0,,,,0,0,0,0,0,,0,,0,0,0,0,0,0,0,0,0,0,0,0,,,,,,,,0,,,,,,,,,,0,,,,,,,,,0,,,,,,0,,,,,,,0,,,,0,0,,,,,,,,,,,,,0,,0,,,,,0,0,0,,0,0,0,,,,,,,,,,,,,,,,,0,
F002955,29401,Analysed,"Cider, apple (alcohol ~4-5% v/v)",211,211,90.1,0,0,0,0,0,4,1.6,1.7,2.3,0,0,,5.6,0,5.6,0,,,,,,,,,,,,,,,,5.6,5.6,0,0.2,,0,0.3,,,,,0,0,26.5,,0,0,3,0.3,0,,0.006,70.7,0,0.02,0.1,2,0.013,,0,,12,56,0,3,,,0.01,0,0,0,0,0,0,,,,0,0,0,0,0,0,0.02,,0,0,0,0,0,2,0,0,0,0,0,0,,0,,0,,0,,0,,,,,,,,,,0,,,,,,,,,0,,,,,,0,,,,,,,0,,,,0,0,,,,,,,,,,,,,0,,0,,,,,0,0,0,,0,0,0,,,,,,,,,,,,,,,,,0,
F005701,29505,Borrowed,Mirin,706,706,47,0.3,0.05,0,0,0,9.5,0,24,0,2.6,0,,26.6,26.6,26.6,0,,,,,,,,,,,,,,,,26.6,26.6,,,,,,,,,,,,,,,,2,,,,0.05,,0,0,,2,0.04,,0,,7,7,0,3,,,0,0,0,0,,0,0,,,,0,0,0,0,0,0,0.01,,0,0,0,0,0,0,0,0,0,0,0,0,,0,,0,,0,,0,,,,,,,,,,,,,,,,,,,0,,,,,,,,,,,,,0,,,,0,0,,,,,,,,,,,,,0,,0,,,,,0,0,0,,0,0,0,,,,,,,,,,,,,,,,,0,
F009571,29201,Recipe,"Wine, red",332,332,85,0.2,0.04,0,0.3,0,11.1,0.1,0.1,0,0,0,,0.2,0,0.2,0,,,,,,,,,,,,,,,,0.2,0.2,0,0,,0.2,0,,,0,,0.2,0.2,18.9,,0,0,7,0.9,24,,0.019,18.81,1.7,0.17,0,14,0.121,,0,,32,110,0,5,14,,0.08,0,0,0,0,0,0,,,,0,0,0,0,0,0,0,,0,0,0,0,0,0,0,0,0,0,0,0,,0,,0,,0,,0,,,,,,,,,,0,,,,,,,,,0,,,,,,0,,,,,,,0,,,,0,0,,,,,,,,,,,,,0,,0,,,,,0,0,0,,0,0,0,,,,,,,,,,,,,,,,,0,
F009572,29201,Analysed,"Wine, red, cabernet sauvignon",328,328,85.2,0.3,0.05,0,0.3,0,10.9,0.1,0.1,0,0,0,,0.2,0,0.2,0,,,,,,,,,,,,,,,,0.2,0.2,0,0,,0.2,0,,,0,,0.2,0.2,20.9,,0,0,7,1,24,,0.024,18.81,1.7,0.14,0,13,0.113,,0,,34,116,0,4,14,,0.07,0,0,0,0,0,0,,,,0,0,0,0,0,0,0,,0,0,0,0,0,0,0,0,0,0,0,0,,0,,0,,0,,0,,,,,,,,,,0,,,,,,,,,0,,,,,,0,,,,,,,0,,,,0,0,,,,,,,,,,,,,0,,0,,,,,0,0,0,,0,0,0,,,,,,,,,,,,,,,,,0,
F009574,29201,Analysed,"Wine, red, merlot",326,326,85.4,0.3,0.05,0,0.2,0,10.8,0.2,0.2,0,0,0,,0.4,0,0.4,0,,,,,,,,,,,,,,,,0.4,0.4,0,0,,0.1,0,,,0,,0.1,0.3,20.7,,0,0,7,0.6,24,,0.022,18.81,1.5,0.17,0,12,0.11,,0,,26,90,0,5,14,,0.07,0,0,0,0,0,0,,,,0,0,0,0,0,0,0,,0,0,0,0,0,0,0,0,0,0,0,0,,0,,0,,0,,0,,,,,,,,,,0,,,,,,,,,0,,,,,,0,,,,,,,0,,,,0,0,,,,,,,,,,,,,0,,0,,,,,0,0,0,,0,0,0,,,,,,,,,,,,,,,,,0,
F009575,29201,Analysed,"Wine, red, pinot noir",318,318,86,0.2,0.03,0,0.3,0,10.6,0,0.1,0,0,0,,0.2,0,0.2,0,,,,,,,,,,,,,,,,0.2,0.2,0,0,,0.2,0,,,0,,0.1,0.2,22.4,,0,0,7,0.8,24,,0.015,18.81,0,0.17,0,15,0.156,,0,,32,90,0,2,14,,0.1,0,0,0,0,0,0,,,,0,0,0,0,0,0,0,,0,0,0,0,0,0,0,0,0,0,0,0,,0,,0,,0,,0,,,,,,,,,,0,,,,,,,,,0,,,,,,0,,,,,,,0,,,,0,0,,,,,,,,,,,,,0,,0,,,,,0,0,0,,0,0,0,,,,,,,,,,,,,,,,,0,
F009577,29201,Analysed,"Wine, red, shiraz",338,338,84.6,0.2,0.03,0,0.3,0,11.4,0.1,0.1,0,0,0,,0.1,0,0.2,0,,,,,,,,,,,,,,,,0.1,0.1,0,0,,0.1,0,,,0,,0.2,0.2,16.7,,0,0,6,1,24,,0.016,18.81,2.2,0.18,0,15,0.121,,0,,32,114,0,7,14,,0.09,0,0,0,0,0,0,,,,0,0,0,0,0,0,0,,0,0,0,0,0,0,0,0,0,0,0,0,,0,,0,,0,,0,,,,,,,,,,0,,,,,,,,,0,,,,,,0,,,,,,,0,,,,0,0,,,,,,,,,,,,,0,,0,,,,,0,0,0,,0,0,0,,,,,,,,,,,,,,,,,0,
F009578,29201,Imputed,"Wine, red, sparkling",338,338,85.5,0.2,0.03,0,0.3,0,10.3,,,,,,,2,0,2,0,,,,,,,,,,,,,,,,2,2,0,0,,0.1,0,,,0,,0.2,0.2,15.8,,0,0,6,1,24,,0.016,19,2.2,0.18,0,15,0.126,,0,,33,117,0,7,14,,0.09,0,0,0,0,0,0,,,,0,0,0,0,0,0,0,,0,0,0,0,0,0,0,0,0,0,0,0,,0,,0,,0,,0,,,,,,,,,,0,,,,,,,,,0,,,,,,0,,,,,,,0,,,,0,0,,,,,,,,,,,,,0,,0,,,,,0,0,0,,0,0,0,,,,,,,,,,,,,,,,,0,
F009573,29201,Estimated,"Wine, red, cooked",122,122,94.2,0.3,0.04,0,0.3,0,3.9,0.1,0.1,0,0,0,,0.2,0,0.2,0,,,,,,,,,,,,,,,,0.2,0.2,,,,,,,,,,,,,,,,8,,,,,,1.5,0,,16,,,,,34,114,0,5,,,0.09,0,,0,,0,0,,,,0,0,0,0,0,,0,,0,0,0,0,0,0,0,0,0,0,0,0,,,,,,,,0,,,,,,,,,,,,,,,,,,,0,,,,,,,,,,,,,0,,,,0,0,,,,,,,,,,,,,0,,0,,,,,0,0,0,,0,0,0,,,,,,,,,,,,,,,,,0,
F009579,29201,Analysed,"Wine, rose",289,289,88.2,0.2,0.03,0,0.2,0,9.4,0.5,0.2,0,0,0,,0.7,0,0.7,0,,,,,,,,,,,,,,,,0.7,0.7,0,0,,0,0.2,,,0,,0.1,0.3,38.2,,0,0,8,0.2,21,,0.021,20,2,0.08,0,11,0.114,,0,,27,51,0,5,20,,0.06,0,0,0,0,0,0,,,,0,0,0,0,0,0,0,,0,0,0,0,0,0,0,0,0,0,0,0,,0,,0,,0,,0,,,,,,,,,,0,,,,,,,,,0,,,,,,0,,,,,,,0,,,,0,0,,,,,,,,,,,,,0,,0,,,,,0,0,0,,0,0,0,,,,,,,,,,,,,,,,,0,
F009583,29202,Analysed,"Wine, white, sauvignon blanc",293,293,87.4,0.2,0.03,0,0.2,0,9.8,0,0.1,0,0,0,,0.1,0,0.1,0,,,,,,,,,,,,,,,,0.1,0.1,0,0,,0,0.3,,,0,,0.1,0.2,64.6,,0,0,8,0,19,,0.014,19.8,0,0.09,0.8,8,0.063,,0,,18,56,0,2,16,,0.06,0,0,0,0,0,0,,,,0,0,0,0.01,0.01,0,0,,0,0,0,0,0,0,0,0,0,0,0,0,,0,,0,,0,,0,,,,,,,,,,0,,,,,,,,,0,,,,,,0,,,,,,,0,,,,0,0,,,,,,,,,,,,,0,,0,,,,,0,0,0,,0,0,0,,,,,,,,,,,,,,,,,0,
F009584,29202,Analysed,"Wine, white, semillon",267,267,88.3,0.2,0.03,0,0.2,0,8.9,0.1,0.1,0,0,0,,0.2,0,0.2,0,,,,,,,,,,,,,,,,0.2,0.2,0,0,,0,0.2,,,0,,0,0.3,43.2,,0.2,0,9,1.3,19,,0.019,19.8,0,0.21,0.9,7,0.084,,0.2,,25,56,0,6,16,,0.07,0,0,0,0,0,0,,,,0,0,0,0.01,0.01,0,0,,0,0,0,0,0,6,0,0,0,0,0,0,,0,,0,,0,,0,,,,,,,,,,0,,,,,,,,,0,,,,,,0,,,,,,,0,,,,0,0,,,,,,,,,,,,,0,,0,,,,,0,0,0,,0,0,0,,,,,,,,,,,,,,,,,0,
F009582,29202,Analysed,"Wine, white, chardonnay",307,307,86.8,0.3,0.05,0,0.1,0,10.2,0.1,0.1,0,0,0,,0.3,0,0.3,0,,,,,,,,,,,,,,,,0.3,0.3,0,0,,0.1,0.2,,,0,,0.1,0.2,55.1,,0,0,7,0.4,19,,0.014,19.8,0,0.17,0.7,11,0.105,,0,,25,52,0,4,16,,0.09,0,0,0,0,0,0,,,,0,0,0,0.01,0.01,0,0,,0,0,0,0,0,0,0,0,0,0,0,0,,0,,0,,0,,0,,,,,,,,,,0,,,,,,,,,0,,,,,,0,,,,,,,0,,,,0,0,,,,,,,,,,,,,0,,0,,,,,0,0,0,,0,0,0,,,,,,,,,,,,,,,,,1,
F009586,29202,Analysed,"Wine, white, riesling",292,292,88.5,0.2,0.03,0,0.1,0,9.6,0.3,0.1,0,0,0,,0.4,0,0.4,0,,,,,,,,,,,,,,,,0.4,0.4,0,0,,0,0.2,,,0,,0,0.3,41.5,,0,0.3,10,0.8,,,0.029,18,1.5,0.1,0.7,20,0.074,,0,,22,44,0,7,16,,0.08,0,0,0,0,0,0,,,,0,0,0,0.01,0.01,0,0,,0,0,0,0,0,0,0,0,0,0,0,0,,0,,0,,0,,0,,,,,,,,,,0,,,,,,,,,0,,,,,,0,,,,,,,0,,,,0,0,,,,,,,,,,,,,0,,0,,,,,0,0,0,,0,0,0,,,,,,,,,,,,,,,,,0,
F009581,29202,Recipe,"Wine, white",301,301,88.1,0.3,0.04,0,0.1,0,10,0.1,0.1,0,0,0,,0.2,0,0.2,0,,,,,,,,,,,,,,,,0.2,0.2,0,0,,0.1,0.2,,,0,,0.1,0.2,55,,0,0,8,0.5,,,0.016,19.9,0.1,0.16,0.7,10,0.093,,0,,23,53,0,4,16,,0.08,0,0,0,0,0,0,,,,0,0,0,0.01,0.01,0,0,,0,0,0,0,0,1,0,0,0,0,0,0,,0,,0,,0,,0,,,,,,,,,,0,,,,,,,,,0,,,,,,0,,,,,,,0,,,,0,0,,,,,,,,,,,,,0,,0,,,,,0,0,0,,0,0,0,,,,,,,,,,,,,,,,,1,
F009580,29202,Estimated,"Wine, white, cooked",107,107,94.6,0.2,0.04,0,0.2,0,3.4,0.2,0.1,0,0,0,,0.3,0,0.3,0,,,,,,,,,,,,,,,,0.3,0.3,,,,,,,,,,,,,,,,9,,,,,,0.4,0.15,,12,,,,,25,56,0,5,,,0.08,0,,0,,0,0,,,,0,0,0,0.01,0.01,,0,,0,0,0,0,0,0,0,0,0,0,0,0,,,,,,,,0,,,,,,,,,,,,,,,,,,,0,,,,,,,,,,,,,0,,,,0,0,,,,,,,,,,,,,0,,0,,,,,0,0,0,,0,0,0,,,,,,,,,,,,,,,,,1,
F009590,29202,Analysed,"Wine, white, sparkling",306,306,88.3,0.2,0.03,0,0.1,0,9.8,0.5,0.5,0,0,0,,1,0,1,0,,,,,,,,,,,,,,,,1,1,0,0,,0.2,0,,,0,,0,0.3,43.2,,0.1,0,7,0.6,14,,0.015,18,0,0.19,0.1,9,0.093,,0,,20,35,0,2,13,,0.06,0,0,0,0,0,0,,,,0,0,0,0.01,0.01,0,0,,0,0,0,0,0,0,0,0,0,0,0,0,,0,,0,,0,,0,,,,,,,,,,0,,,,,,,,,0,,,,,,0,,,,,,,0,,,,0,0,,,,,,,,,,,,,0,,0,,,,,0,0,0,,0,0,0,,,,,,,,,,,,,,,,,0,
F009592,29202,Analysed,"Wine, white, sweet dessert style",517,517,74,0.4,0.07,0,0.4,0,8.8,9.5,5.8,0,0,0,,15.3,0,15.3,0,,,,,,,,,,,,,,,,15.3,15.3,0.1,0,,0,0.8,,,,,0,0.3,150.4,,1.5,0,15,2.1,,,0.01,,1.9,0.2,2,19,0.191,,1.4,,50,105,0,13,,,0.1,0,0,0,0,0,0,,,,0,0,0,0.02,0.02,0,0,,0,0,0,0,0,0,0,0,0,0,0,0,,0,,0,,0,,0,,,,,,,,,,0,,,,,,,,,0,,,,,,0,,,,,,,0,,,,0,0,,,,,,,,,,,,,0,,0,,,,,0,0,0,,0,0,0,,,,,,,,,,,,,,,,,1,
F009566,29203,Analysed,"Wine, fortified, port",624,624,73.7,0.2,0.03,0,0.3,0,14.2,7.6,5.3,0,0,0,,12.9,0,12.9,0,,,,,,,,,,,,,,,,12.9,12.9,0,0,,0,0.2,,,0,,,0.1,,,,,5,,23,,0.01,28.08,0,0.2,,10,0.083,,,,19,85,0,16,32,,0.06,0,,0,,0,0,,,,0,0,0,0,0,,0.09,,0,0,0,0,0,0,0,0,0,0,0,0,,,,,,,,0,,,,,,,,,,0,,,,,,,,,0,,,,,,0,,,,,,,0,,,,0,0,,,,,,,,,,,,,0,,0,,,,,0,0,0,,0,0,0,,,,,,,,,,,,,,,,,0,
F009567,29203,Analysed,"Wine, fortified, sherry, dry style (~1% sugars)",431,431,82.1,0.1,0.02,0,0.2,0,14.1,0.6,0.6,0,0,0,,1.2,0,1.2,0,,,,,,,,,,,,,,,,1.2,1.2,,0,,0,0.1,,,0,,,0.1,,,,,5,,15,,0,13.86,0,0.06,,6,0.069,,,,12,39,0,19,15,,0.06,0,,0,,0,0,,,,0,0,0,0,0,,0.05,,0,0,0,0,0,0,0,0,0,0,0,0,,,,,,,,0,,,,,,,,,,0,,,,,,,,,0,,,,,,0,,,,,,,0,,,,0,0,,,,,,,,,,,,,0,,0,,,,,0,0,0,,0,0,0,,,,,,,,,,,,,,,,,0,
F009568,29203,Analysed,"Wine, fortified, sherry, sweet style (~11% sugars)",594,594,75.2,0.2,0.03,0,0.2,0,14,6.5,4.9,0,0,0,,11.4,0,11.4,0,,,,,,,,,,,,,,,,11.4,11.4,,0,,0,0.2,,,0,,,0.1,,,,,4,,15,,0.01,15.45,0,0.1,,6,0.062,,,,13,54,0,18,16,,0.06,0,,0,,0,0,,,,0,0,0,0,0,,0.05,,0,0,0,0,0,0,0,0,0,0,0,0,,,,,,,,0,,,,,,,,,,0,,,,,,,,,0,,,,,,0,,,,,,,0,,,,0,0,,,,,,,,,,,,,0,,0,,,,,0,0,0,,0,0,0,,,,,,,,,,,,,,,,,0,
F001068,11901,Recipe,"Beverage, chocolate flavour, from Milo powder, with regular fat cow's milk",400,395,82.8,4.2,0.67,4.1,1.1,0.6,0,0,0.2,1.5,1.3,6.1,0,9,0.9,2.9,1,,,,,,,,,,,,,,,,10.5,10.5,,,,,,,,,,,,113.3,,0.5,0.6,186,6.4,,,0.048,,23.3,2.4,0.3,21,0.082,0,4.4,,149,234,1.7,42,,,0.47,46,0,21,,21,50,,,,0.03,0.355,1.34,0.73,2.07,0.42,0.3,,0.5,9,0,9,9,3,1.63,0.04,0.02,0,1.78,0.1,,0,,0,,0,,0.1,0.15,0.09,0.06,0.11,,0.14,,0.44,0.05,1.2,0.03,0.46,,0,,0,,0,2.74,,0.04,,0.07,0,0.79,,0,,0,,0,0.91,,,,0.07,0.02,,0,,,,0,,0,0.21,,,1.93,0.21,,0.75,0,,0,,0,0.1,0.965,,113.12,2,11,,,,,,,,,,,,,,,,,43,
F001064,11903,Recipe,"Beverage, chocolate flavour, from drinking chocolate, with regular fat cow's milk",365,365,84.6,3.6,0.56,3.6,0.8,0.1,0,0,0,5.3,0,5.1,,10.4,5.2,5.2,0.1,,,,,,,,,,,,,,,,10.6,10.6,,,,,,,,,,,,,,,,104,,102,,0.076,,21.2,0.15,,20,0.137,,,,97,185,1.3,45,31,,0.49,40,0,17,0,17,42,,,,0.022,0.179,0.28,0.62,0.9,0.34,0.02,4.4,0.3,4,0,4,4,0,0,0,0.01,0,0.07,0.2,,,,,,,,0.22,0.13,0.08,0.05,0.09,,0.11,,0.36,0.04,1.05,0.02,0.46,,0.01,,0,,0,2.39,,,,,,,,,,,,,0.83,,,,0.06,0.02,,,,,,,,0,,,,1.97,0.22,,0.77,,,,,0,0.08,0.987,,111.16,3,10,,,,,,,,,,,,,,,,,36,
F009818,30104,Recipe,"Protein powder, whey based, protein >70%, unfortified, prepared with water",264,261,84.9,14.3,2.29,0.4,0.4,0.3,0,0,0,0,0,0.2,,0.2,0,0,0,,,,,,,,,,,,,,,,0.3,0.3,0,0,,0,0,,0,0,,,,7.7,,0.1,,72,,,,0.038,,41,0.09,0.5,14,0.259,,7.2,,40,81,11.3,36,,,0.05,1,,1,,1,1,,,,0.017,0.029,0,1.74,1.74,,0.02,,0.8,21,0,21,21,0,0.02,0.02,0.02,0,0.14,0,,0,,0,,0,,0,,,,,,,,,,0.09,,,,,,,,,0.21,,,,,,0.07,,,,,,,0.08,,,,0.05,0,,,,,,,,,,,,,0,,0,,,,,0,0.06,0,,5.31,0,10,,,,,,,,,,,,,,,,,102,
F003084,11208,Recipe,"Coffee, prepared from coffee mix with sugar & whitener, no added milk",82,81,95.1,0.6,0.1,0.6,0.2,0.2,0,0,0,0.7,0.1,1.1,,1.9,0.8,0.8,0.4,,,,,,,,,,,,,,,,2.8,2.8,0,0,,0,0,,0,0,,,,19.2,,0.1,,18,,,,0.034,,3.6,0.04,0.6,5,0.304,,0.6,,27,65,0.3,22,,,0.05,0,,0,,0,0,,,,0,0.038,0.24,0.12,0.36,,0,,0,0,0,0,0,0,0,0,0,0,0.02,0,,0,,0,,0,,0,,,,,,,,,,0.05,,,,,,,,,0.59,,,,,,0.01,,,,,,,0.01,,,,0,0,,,,,,,,,,,,,0,,0,,,,,0,0,0,,0,25,0,,,,,,,,,,,,,,,,,7,
F003017,11201,Analysed,"Coffee, black, from instant coffee powder",8,7,99.1,0.2,0.04,0,0,0.1,0,0,0,0,0,0,,0,0,0,0.2,,,,,,,,,,,,,,,,0.2,0.2,,,,,,,,,,,,0,,0,,1,,,,0.011,,0,0,0,3,0.018,,0,,3,33,0,0,,,0,0,0,0,0,0,0,,,,0,0,0,0.04,0.04,0,0,,0,0,0,0,0,10,0,0,0,0,0,0,,0,,0,,0,,0,,,,,,,,,,,,,,,,,,,0,,,,,,,,,,,,,0,,,,0,0,,,,,,,,,,,,,0,,0,,,,,0,0,0,,0,33,0,,,,,,,,,,,,,,,,,3,
F003018,11201,Imputed,"Coffee, black, from instant coffee powder, decaffeinated",8,7,99.1,0.2,0.04,0,0,0.1,0,0,0,0,0,0,,0,0,0,0.2,,,,,,,,,,,,,,,,0.2,0.2,,,,,,,,,,,,0,,0,,1,,,,0.011,,0,0,0,3,0.018,,0,,3,33,0,0,,,0,0,0,0,0,0,0,,,,0,0,0,0.04,0.04,0,0,,0,0,0,0,0,10,0,0,0,0,0,0,,0,,0,,0,,0,,,,,,,,,,,,,,,,,,,0,,,,,,,,,,,,,0,,,,0,0,,,,,,,,,,,,,0,,0,,,,,0,0,0,,0,1,0,,,,,,,,,,,,,,,,,3,
F003041,11201,Analysed,"Coffee, espresso, from ground coffee beans",40,40,92.3,1.7,0.32,0.3,1,0,0,,,,,,,0,0,0,0,,,,,,,,,,,,,,,,0,0,,,,,,,,,,,,0,,0,0,11,0,,,0.042,,0,0,1.3,37,0.25,,0,,29,520,0,2,,,0.06,0,,0,,0,0,,,,0,0,5.3,0.35,5.65,0,0,,0,0,0,0,0,0,0,0,0,0,0,0,,0,,0,,0,,0,0.01,0,0,0,,0,,0,0,0.07,0,0.02,,0.01,,0,,0,0.11,,0,,0,0,0.03,,0,,0,,0,0.03,,,,0.09,0.01,,0,,,,0,,0,0,,,0,0,,0,0,,0,,0,0.09,0,,3.84,290,0,,,,,,,,,,,,,,,,,21,
F003065,11201,Recipe,"Coffee, long black, from ground coffee beans",8,8,98.5,0.3,0.06,0.1,0.2,0,0,,,,,,,0,0,0,0,,,,,,,,,,,,,,,,0,0,,,,,,,,,,,,7.3,,0.1,0,3,0,,,0.036,,0.6,0,0.8,8,0.296,,0,,6,104,0,3,,,0.02,0,,0,,0,0,,,,0,0,1.06,0.07,1.13,,0,,0,0,0,0,0,0,0,0,0,0,0,0,,0,,0,,0,,0,,,,,,,,,,0.01,,,,,,,,,0.02,,,,,,0,,,,,,,0,,,,0.02,0,,,,,,,,,,,,,0,,0,,,,,0,0.02,0,,0.77,58,0,,,,,,,,,,,,,,,,,4,
F009796,11202,Analysed,"Coffee, flat white/latte/cappuccino, from ground coffee beans, with regular fat cow's milk",200,200,91.1,2.9,0.46,2.6,0.7,0,0,0,0,0,0,3.5,,3.5,0,0,0,,,,,,,,,,,,,,,,3.5,3.5,,,,,,,,,,,,0,,0,,97,,,,0.01,,21.4,0,0,16,0.066,,2.8,,88,224,2,30,,,0.38,24,0,0,,0,24,,,,0,0.112,0,0.55,0.55,0.23,0,,0.3,0,0,0,0,0,0.05,0,0,0,0.05,0,,0,,0,,0,,0,0.12,0.07,0.04,0.08,,0.09,,0.28,0.03,0.77,0.02,0.26,,0,,0,,0,1.78,,0.02,,0.05,0,0.44,,0,,0,0,0,0.51,,,,0.08,0.01,,0,,0,,0,,0,0,,,2.46,0,,0,0,,0,,0,0.1,0,,44.24,69,9,,,,,,,,,,,,,,,,,33,
F003130,11503,Analysed,"Cordial base, 25% citrus fruit juice, regular",739,739,73.9,0,0,0,0.1,0,0,14.3,16,15.2,0,0,,45.5,43.9,45.5,0,,,,,,,,,,,,,,,,45.5,45.5,,1.1,,0,0,,,0,,,,,,,,4,,8,,0,69.54,1.2,0,,1,0,,,,4,18,0,15,4,,0,0,,3,15,10,2,,,,0,0,2.07,0,2.07,,0.02,,0,12,0,12,12,5,0,0,0,0,0,0,,0,,,,,,0,,,,,,,,,,,,,,,,,,,0,,,,,,,,,,,,,0,,,,0,0,,,,,,,,,,,,,0,,0,,,,,0,0,0,,0,0,0,,,,,,,,,,,,,,,,,0,
F003135,11503,Imputed,"Cordial base, 40% citrus fruit juice, regular",804,804,70.6,0.2,0.04,0,0.2,0,0,16,19.4,13.7,0,0,,49,46.6,49,0,,,,,,,,,,,,,,,,49,49,,1.5,,0,0,,,0,,,,,,,,5,,12,,0,54.9,1.2,0.12,,2,0,,,,6,39,0,52,8,,0,0,0,5,23,16,3,,,,0,0,2.07,0,2.07,0.05,0.02,0.5,0,12,0,12,12,10,0,0,0,0,0,0,,0,,,,,,0,,,,,,,,,,,,,,,,,,,0,,,,,,,,,,,,,0,,,,0,0,,,,,,,,,,,,,0,,0,,,,,0,0,0,,0,0,0,,,,,,,,,,,,,,,,,0,
F003128,11503,Analysed,"Cordial base, blackcurrant juice, regular",892,892,65.9,0.1,0.02,0,0.1,0,0,,,,,,,54.9,52.3,54.9,0,,,,,,,,,,,,,,,,54.9,54.9,,1,,0,0.1,,,0,,,,,,,,7,,7,,0.012,47.58,1.2,0.4,,4,0.012,,,,6,66,0,0,12,,0.07,0,0,0,0,0,0,,,,0,0,0.2,0,0.2,0.07,0.05,1.7,0,1,0,1,1,90,0,0,0,0,0,0,,0,,0,,0,,0,,,,,,,,,,,,,,,,,,,0,,,,,,,,,,,,,0,,,,0,0,,,,,,,,,,,,,0,,0,,,,,0,0,0,,0,0,0,,,,,,,,,,,,,,,,,0,
F009928,11504,Label Data,"Cordial base, fruit juice/flavours, intense sweetened or diet",124,124,93.8,0,0.01,0,0.1,0,0,,,,,,,7.2,5,7.2,0,,,,,,,,,,,,,,,,7.2,7.2,,1,,0,0,,,0,,,,,,,,4,,,,,,1,0.06,,2,,,,,4,23,0,56,,,0.01,0,,2,,2,0,,,,0,0,0.94,0,0.94,,0.02,,0,11,0,11,11,12,0,0,0,0,0,0,,0,,,,,,0,,,,,,,,,,,,,,,,,,,0,,,,,,,,,,,,,0,,,,0,0,,,,,,,,,,,,,0,,0,,,,,0,0,0,,0,0,0,,,,,,,,,,,,,,,,,0,
F003158,11501,Recipe,"Cordial, 25% citrus fruit juice, regular, recommended dilution",149,149,95.3,0,0,0,0,0,0,2.9,3.2,3.1,0,0,,9.2,8.8,9.2,0,,,,,,,,,,,,,,,,9.2,9.2,,0.2,,0,0,,,0,,,,,,,,2,,6,,0.028,78.56,0.8,0,,1,0.247,,,,1,4,0,5,4,,0,0,,1,,2,0,,,,0,0,0.42,0,0.42,,0,,0,2,0,2,2,1,0,0,0,0,0,0,,0,,,,,,0,,,,,,,,,,,,,,,,,,,0,,,,,,,,,,,,,0,,,,0,0,,,,,,,,,,,,,0,,0,,,,,0,0,0,,0,0,0,,,,,,,,,,,,,,,,,0,
F003160,11501,Recipe,"Cordial, 40% citrus fruit juice, regular, recommended dilution",162,162,94.7,0,0.01,0,0,0,0,3.2,3.9,2.7,0,0,,9.9,9.4,9.9,0,,,,,,,,,,,,,,,,9.9,9.9,,0.3,,0,0,,,0,,,,,,,,2,,7,,0.028,75.61,0.8,0.03,,1,0.247,,,,1,8,0,13,4,,0,0,,1,,3,0,,,,0,0,0.42,0,0.42,,0,,0,2,0,2,2,2,0,0,0,0,0,0,,0,,,,,,0,,,,,,,,,,,,,,,,,,,0,,,,,,,,,,,,,0,,,,0,0,,,,,,,,,,,,,0,,0,,,,,0,0,0,,0,0,0,,,,,,,,,,,,,,,,,0,
F003156,11501,Recipe,"Cordial, blackcurrant juice, regular, recommended dilution",159,159,95,0,0,0,0,0,0,,,,,,,9.8,9.3,9.8,0,,,,,,,,,,,,,,,,9.8,9.8,,0.2,,0,0,,,0,,,,,,,,3,,6,,0.031,75.3,0.8,0.08,,2,0.258,,,,1,12,0,2,5,,0.02,0,,0,,0,0,,,,0,0,0.03,0,0.03,,0.01,,0,0,0,0,0,16,0,0,0,0,0,0,,0,,0,,0,,0,,,,,,,,,,,,,,,,,,,0,,,,,,,,,,,,,0,,,,0,0,,,,,,,,,,,,,0,,0,,,,,0,0,0,,0,0,0,,,,,,,,,,,,,,,,,0,
F009927,11501,Recipe,"Cordial, fruit juice/flavours, recommended dilution",112,112,97.8,0,0,0,0,0,0,2.2,2.6,2.1,0,0,,6.9,6.6,6.9,0,,,,,,,,,,,,,,,,6.9,6.9,,0.2,,0,0,,,0,,,,,,,,2,,6,,0.03,79.07,0.8,0.01,,1,0.268,,,,1,4,0,7,4,,0,0,,0,,2,0,,,,0,0,0.3,0,0.3,,0,,0,2,0,2,2,1,0,0,0,0,0,0,,0,,,,,,0,,,,,,,,,,,,,,,,,,,0,,,,,,,,,,,,,0,,,,0,0,,,,,,,,,,,,,0,,0,,,,,0,0,0,,0,0,0,,,,,,,,,,,,,,,,,0,
F009931,11502,Recipe,"Cordial, fruit juice/flavours, intense sweetened or diet, recommended dilution",12,12,100.3,0,0,0,0,0,0,,,,,,,0.7,0.5,0.7,0,,,,,,,,,,,,,,,,0.7,0.7,,0.1,,0,0,,,0,,,,,,,,2,,,,,,0.8,0.01,,1,,,,,0,2,0,8,,,0,0,,0,,0,0,,,,0,0,0.09,0,0.09,,0,,0,1,0,1,1,1,0,0,0,0,0,0,,0,,,,,,0,,,,,,,,,,,,,,,,,,,0,,,,,,,,,,,,,0,,,,0,0,,,,,,,,,,,,,0,,0,,,,,0,0,0,,0,0,0,,,,,,,,,,,,,,,,,0,
F004663,11301,Analysed,"Juice, apple, commercial, added vitamin C",127,126,93.4,0.2,0.03,0,0.3,0.2,0,4.1,2.2,1,0,0,0,7.4,0,7.4,0,,,,,,,,,,,,,,,,7.4,7.4,0,0.1,,0,0.3,,0,0,,,,,,,,7,0.5,,,0.017,,4.2,0.05,,6,0.001,,0.5,,8,126,0.5,6,,,0.02,0,0,3,0,3,0,,,,0,0.074,0.26,0,0.26,0,0,,0,33,0,33,33,32,0,0,0,0,0,0,,0,,,,,,0,,,,,,,,,,0,,,,,,,,,0,,,,,,0,,,,,,,0,,,,0,0,,,,,,,,,,,,,0,,0,,,,,0,0,0,,0,0,0,,,,,,,,,,,,,,,,,0,
F004656,11301,Analysed,"Juice, apple & blackcurrant, commercial",171,171,93.7,0.2,0.03,0,0.2,0,0,5.8,2.7,1.2,0,0,,9.7,0,9.8,0,,,,,,,,,,,,,,,,9.7,9.7,,0.8,,,0.4,,,0,,,,0,,,0,5,0,,,0.005,,0,0,,4,0.028,,0,,5,99,0,7,3,,0.01,0,0,0,0,0,0,,,,0,0,0,0,0,0,0,,0,0,0,0,0,28,0,0,0,0,0,0,,0,,0,,0,,0,,,,,,,,,,,,,,,,,,,0,,,,,,,,,,,,,0,,,,0,0,,,,,,,,,,,,,0,,0,,,,,0,0,0,,0,0,0,,,,,,,,,,,,,,,,,0,
F004726,11301,Recipe,"Juice, lemon",116,99,93.9,0.7,0.11,0.1,0.3,2.1,0,0.7,0.8,0.4,0,0,,1.9,0,0,0,,,,,,,,,,,,,,,,1.9,1.9,,5,,0,0.3,0,,0,,,,,,,,21,,,,0.09,,0,0.16,,10,0.039,,0,,21,147,0,3,,,0.1,0,0,5,7,8,1,,,0,0.03,0.01,0.1,0,0.1,0.12,0.04,0.3,0,35,0,35,35,36,0,0,0,0,0,0.4,,0,,0,,0,,0.4,,,,,,,,,,,,,,,,,,,0,,,,,,,,,,,,,0,,,,0,0,,,,,,,,,,,,,0,,0,,,,,0,0,0,,0,0,0,,,,,,,,,,,,,,,,,0,
F004729,11301,Recipe,"Juice, lime",123,93,92.5,0.8,0.13,0.1,0.4,3.8,0,0.6,0.6,0.1,0,0,,1.3,0,0,0,,,,,,,,,,,,,,,,1.3,1.3,,4.7,,0,0.7,0,,0,,,,,,,,24,,,,0.042,,0,0.16,,12,0.059,,1.4,,22,173,0,2,,,0.09,0,0,15,0,15,2,,,0,0.025,0.01,0.1,0,0.1,0.13,0.07,0.2,0,34,0,34,34,33,0,0,0,0,0,0.2,,0,,0,,0,,0.2,,,,,,,,,,0,,,,,,,,,0,,,,,,0,,,,,,,0,,,,0,0,,,,,,,,,,,,,0,,0,,,,,0,0,0,,0,0,0,,,,,,,,,,,,,,,,,0,
F004739,11301,Analysed,"Juice, orange, commercial",141,138,93.5,0.8,0.13,0,0.5,0.4,0,1.9,1.6,3.6,0,0,0,7.1,0,7.1,0,,,,,,,,,,,,,,,,7.1,7.1,0,0.8,,0,0.1,,0,0,,,,,0,0,0,7,0.4,9,,0.028,29.4,0,0.04,0,8,0.012,0,0,1,14,152,0.2,3,6,0,0.03,0,0,10,9,15,2,,,,0.088,0,0,0.04,0.04,0.32,0,0.6,0,48,0,48,48,58,0,0,0,0,0,0.1,,0,,,,,,0.1,0,0,0,0,,0,,0,0,0,0,0,,0,,0,,0,0,,0,,0,0,0,,0,,0,,0,0,,,,0,0,,0,,,,0,,0,0,,,0,0,,0,0,,0,,0,0,0,,0,0,0,,,,,,,,,,,,,,,,,2,
F004731,11301,Analysed,"Juice, orange & mango, commercial",152,150,93.9,0.6,0.1,0,0.3,0.2,0,2.5,2.3,3.2,0,0,,8,0,8,0,,,,,,,,,,,,,,,,8,8,,0.8,,,0.4,,,0,,,,0,,,0,9,0,9,,0.031,53.04,0,0,,10,0.031,,0,,17,166,0,4,6,,0.05,0,0,40,17,48,8,,,,0.042,0,0,0.03,0.03,0.05,0,1.1,0,27,0,27,27,85,0,0,0,0,0,0,,0,,0,,0,,0,,,,,,,,,,,,,,,,,,,0,,,,,,,,,,,,,0,,,,0,0,,,,,,,,,,,,,0,,0,,,,,0,0,0,,0,0,0,,,,,,,,,,,,,,,,,2,
F010307,11302,Analysed,"Juice, vegetable blend, commercial",74,69,98.7,0.9,0.15,0,1,0.6,0,1.2,1,0,0,0,,2.2,0,2.2,0.6,,,,,,,,,,,,,,,,2.8,2.8,0.1,0.5,,0,0.1,,0,0,,,,262.5,,0,,10,,,,0.046,,1.3,0.43,0,10,0.076,,2.5,,24,210,0,252,,,0.08,0,0,273,0,273,46,,,,0,0.03,0,0.12,0.12,0.04,0,,0,21,0,21,21,50,0,0,0,0,0,0.7,,0,,0,,0,,0.74,,,,,,,,,,,,,,,,,,,0,,,,,,,,,,,,,0,,,,0,0,,,,,,,,,,,,,0,,0,,,,,0,0,0,,0,0,0,,,,,,,,,,,,,,,,,7,
F004099,11401,Analysed,"Fruit drink, apple juice",142,142,94.7,0.1,0,0,0.2,0,0,2.9,2.5,2.7,0,0,,8.1,6.2,8.1,0.4,,,,,,,,,,,,,,,,8.5,8.5,0,0.2,,0,0.2,,0,0,,,,0,,0,,2,,11,,0.002,72.8,3.1,0,0,2,0.007,,0,,2,49,0,6,2,,0,0,0,0,0,0,0,,,,0,0,0,0,0,0,0,,0,0,0,0,0,32,0,0,0,0,0,0,,0,,0,,0,,0,,,,,,,,,,0,,,,,,,,,0,,,,,,0,,,,,,,0,,,,0,0,,,,,,,,,,,,,0,,0,,,,,0,0,0,,0,0,0,,,,,,,,,,,,,,,,,0,
F004101,11401,Borrowed,"Fruit drink, blackcurrant, commercial",168,168,95.3,0.2,0.03,0,0,0,0,,,,,,,10.2,9.7,10.2,0,,,,,,,,,,,,,,,,10.2,10.2,,,,,,,,,,,,,,,,2,,,,,,0.8,0,,1,,,,,1,17,0,0,,,0,0,,0,,0,0,,,,0,0.021,0.05,0,0.05,,0,,0,0,0,0,0,9,0,0,0,0,0,0,,,,,,,,0,,,,,,,,,,,,,,,,,,,0,,,,,,,,,,,,,0,,,,0,0,,,,,,,,,,,,,0,,0,,,,,0,0,0,,0,0,0,,,,,,,,,,,,,,,,,0,
F004102,11401,Borrowed,"Fruit drink, cranberry",204,204,90.6,0,0,0,0.1,0.1,0,,,,,,,11.8,9.4,11.8,0.9,,,,,,,,,,,,,,,,12.7,12.7,,,,,,,,,,,,,,,,8,,,,,,4.2,0.26,,6,,,,,14,20,0.1,10,,,0.1,0,0,28,,28,5,,,,0.009,0.019,0.09,0,0.09,,0.05,,0,1,0,1,1,19,0,0,0,0,0,1.2,,,,,,,,1.25,,,,,,,,,,,,,,,,,,,0,,,,,,,,,,,,,0,,,,0,0,,,,,,,,,,,,,0,,0,,,,,0,0,0,,0,0,0,,,,,,,,,,,,,,,,,0,
F004114,11401,Analysed,"Fruit drink, orange juice",170,169,93,0.2,0.03,0,0.2,0.1,0,1.1,1,7.9,0,0,0,10,8.6,10,0,,,,,,,,,,,,,,,,10,10,0,0.6,,0,0,,0,0,,,,,,,,8,0.5,11,,0.026,46.8,4.2,0.05,,6,0.001,,0,,7,75,0.5,9,2,,0.01,0,0,36,23,48,8,,,,0.022,0,0,0.01,0.01,0.08,0,0.2,0,12,0,12,12,5,0,0,0,0,0,0,,0,,,,,,0,,,,,,,,,,,,,,,,,,,0,,,,,,,,,,,,,0,,,,0,0,,,,,,,,,,,,,0,,0,,,,,0,0,0,,0,0,0,,,,,,,,,,,,,,,,,0,
F008402,11603,Analysed,"Soft drink, cola flavour",214,214,93,0,0,0.3,0.1,0,0,3.1,3.1,6.6,0,0,,12.8,12.8,12.8,0,,,,,,,,,,,,,,,,12.8,12.8,,0,,0,0,,,0,,,,0,,0,0,1,0,14,,0,60.32,0.9,0,0,0,0,,0,0,11,0,0,2,9,,0,0,,0,,0,0,,,,0,0,0,0,0,,0,,0,0,0,0,0,0,0,0,0,0,0,0,,0,,0,,0,,0,,,,,,,,,,0,,,,,,,,,0,,,,,,0,,,,,,,0,,,,0,0,,,,,,,,,,,,,0,,0,,,,,0,0,0,,0,10,0,,,,,,,,,,,,,,,,,0,
F008403,11603,Imputed,"Soft drink, cola flavour, decaffeinated",214,214,93,0,0,0.3,0.1,0,0,3.1,3.1,6.6,0,0,,12.8,12.8,12.8,0,,,,,,,,,,,,,,,,12.8,12.8,,0,,0,0,,,0,,,,0,,0,0,1,0,14,,0,60.32,0.9,0,0,0,0,,0,0,11,0,0,2,9,,0,0,,0,,0,0,,,,0,0,0,0,0,,0,,0,0,0,0,0,0,0,0,0,0,0,0,,0,,0,,0,,0,,,,,,,,,,0,,,,,,,,,0,,,,,,0,,,,,,,0,,,,0,0,,,,,,,,,,,,,0,,0,,,,,0,0,0,,0,0,0,,,,,,,,,,,,,,,,,0,
F008404,11604,Analysed,"Soft drink, cola flavour, intense sweetened or diet",0,0,99.9,0,0,0,0,0,0,0,0,0,0,0,,0,0,0,0,,,,,,,,,,,,,,,,0,0,0,0,,0,0,,0,,,,,0,,0,,1,,,,0,,1.5,0,0,0,0,,0,,14,5,0,5,,,0,0,,0,,0,0,,,,0.01,0.02,0,0,0,,0,,0,0,0,0,0,0,0,0,0,0,0,0,,0,,0,,0,,0,,,,,,,,,,0,,,,,,,,,0,,,,,,0,,,,,,,0,,,,0,0,,,,,,,,,,,,,0,,0,,,,,0,0,0,,0,11,0,,,,,,,,,,,,,,,,,0,
F008405,11604,Imputed,"Soft drink, cola flavour, intense sweetened or diet, decaffeinated",0,0,99.9,0,0,0,0,0,0,0,0,0,0,0,,0,0,0,0,,,,,,,,,,,,,,,,0,0,0,0,,0,0,,0,,,,,0,,0,,1,,,,0,,1.5,0,0,0,0,,0,,14,5,0,5,,,0,0,,0,,0,0,,,,0.01,0.02,0,0,0,,0,,0,0,0,0,0,0,0,0,0,0,0,0,,0,,0,,0,,0,,,,,,,,,,0,,,,,,,,,0,,,,,,0,,,,,,,0,,,,0,0,,,,,,,,,,,,,0,,0,,,,,0,0,0,,0,0,0,,,,,,,,,,,,,,,,,0,
F008411,11601,Borrowed,"Soft drink, dry ginger ale or ginger beer, regular",164,164,93.7,0,0,0,0.1,0,0,,,,0,0,,10.2,10.2,10.2,0,,,,,,,,,,,,,,,,10.2,10.2,0,0.1,,0,0,,0,0,,,,,,,,5,0,,,,,1.8,0.12,,1,,,0,0,0,1,0.1,7,,,0.06,0,,0,,0,0,,,,0,0,0,0,0,,0,,0,0,0,0,0,0,0,0,0,0,0,0,,0,,0,,0,,0,,,,,,,,,,0,,,,,,,,,0,,,,,,0,,,,,,,0,,,,0,0,,,,,,,,,,,,,0,,0,,,,,0,0,0,,0,0,0,,,,,,,,,,,,,,,,,0,
F008438,11601,Analysed,"Soft drink, fruit flavours",148,148,94.6,0,0,0,0.1,0,0,1,1,7.1,0,0,0,9.2,9.2,9.2,0,,,,,,,,,,,,,,,,9.2,9.2,0,0.1,,0,0,,0,0,,,,,,,,2,0,,,,,1.8,0,,0,,,0,0,0,1,0,15,,,0,0,,0,0,0,0,,,,0,0,0,0,0,,0,,0,0,0,0,0,0,0,0,0,0,0,0,,,,,,,,0,,,,,,,,,,0,,,,,,,,,0,,,,,,0,,,,,,,0,,,,0,0,,,,,,,,,,,,,0,,0,,,,,0,0,0,,0,0,0,,,,,,,,,,,,,,,,,0,
F008460,11601,Borrowed,"Soft drink, tonic water",146,146,93.8,0,0,0,0.1,0,0,,,,,,,9.1,9.1,9.1,0,,,,,,,,,,,,,,,,9.1,9.1,0,0.1,,0,0,,0,0,,,,,,,,1,,,,,,0.7,0.01,,0,,,,,0,0,0,12,,,0.1,0,,0,,0,0,,,,0,0,0,0,0,,0,,0,0,0,0,0,0,0,0,0,0,0,0,,0,,0,,0,,0,,,,,,,,,,0,,,,,,,,,0,,,,,,0,,,,,,,0,,,,0,0,,,,,,,,,,,,,0,,0,,,,,0,0,0,,0,0,0,,,,,,,,,,,,,,,,,0,
F008439,11602,Imputed,"Soft drink, fruit flavours, intense sweetened or diet",1,1,100,0,0,0,0.1,0,0,,,,,,,0,0,0,0,,,,,,,,,,,,,,,,0,0,0,0.1,,0,0,,0,0,,,,,,,,2,0,,,,,1.7,0,,0,,,0,0,0,1,0,14,,,0,0,,0,0,0,0,,,,0,0,0,0,0,,0,,0,0,0,0,0,0,0,0,0,0,0,0,,,,,,,,0,,,,,,,,,,0,,,,,,,,,0,,,,,,0,,,,,,,0,,,,0,0,,,,,,,,,,,,,0,,0,,,,,0,0,0,,0,0,0,,,,,,,,,,,,,,,,,0,
F008461,11602,Imputed,"Soft drink, tonic water, intense sweetened or diet",1,1,99.9,0,0,0,0.1,0,0,0,0,0,0,0,0,0,0,0,0,,,,,,,,,,,,,,,,0,0,0,0.1,,0,0,,0,0,,,,,,,,1,,,,,,0.7,0.01,,0,,,,,0,0,0,12,,,0.1,0,,0,,0,0,,,,0,0,0,0,0,,0,,0,0,0,0,0,0,0,0,0,0,0,0,,0,,0,,0,,0,,,,,,,,,,0,,,,,,,,,0,,,,,,0,,,,,,,0,,,,0,0,,,,,,,,,,,,,0,,0,,,,,0,0,0,,0,0,0,,,,,,,,,,,,,,,,,0,
F008421,11703,Analysed,"Soft drink, energy drink, Red Bull",191,191,92.7,0.1,0.01,0,0.3,0,0,1.9,3.8,5.7,0,0,0,11.3,11.3,11.3,0,,,,,,,,,,,,,,,,11.3,11.3,0,0.8,,0,0,,,0,,,,21,,0,0,9,0,,,0,,0,0,0,0,0,0,0,,11,0,0,74,,,0,0,0,0,,0,0,,,,0,0.066,8.49,0,8.49,2.01,2.38,,2.1,0,0,0,0,0,0,0,0,0,0,0,,0,,0,,0,,0,,,,,,,,,,0,,,,,,,,,0,,,,,,0,,,,,,,0,,,,0,0,,,,,,,,,,,,,0,,0,,,,,0,0,0,,0,34,0,,,,,,,,,,,,,,,,,0,
F008424,11703,Analysed,"Soft drink, energy drink, V",191,191,92.7,0.1,0.01,0,0.3,0,0,1.9,3.8,5.7,0,0,0,11.3,11.3,11.3,0,,,,,,,,,,,,,,,,11.3,11.3,0,0.8,,0,0,,,0,,,,21,,0,0,9,0,,,0,,0,0,0,0,0,0,0,,11,0,0,116,,,0,0,0,0,,0,0,,,,0,0.861,7.98,0,7.98,3.36,2.62,,0.6,0,0,0,0,0,0,0,0,0,0,0,,0,,0,,0,,0,,,,,,,,,,0,,,,,,,,,0,,,,,,0,,,,,,,0,,,,0,0,,,,,,,,,,,,,0,,0,,,,,0,0,0,,0,32,0,,,,,,,,,,,,,,,,,0,
F009795,11103,Analysed,"Kombucha, flavoured, added juice or intense sweeteners",27,26,93.1,0,0,0,0,0.1,0.3,0.4,0.4,0,0,0,,0.8,0,0.8,0.1,,,,,,,,,,,,,,,,0.8,0.8,0.2,0,,0,0,,0,0,,,,0,,0,,0,,,,0.002,,0,0,0,0,0.028,,0,,0,2,0,0,,,0,0,0,0,0,0,0,,,,0,0,0,0,0,0,0,,0,0,0,0,0,0,0,0,0,0,0,0,,0,,0,,0,,0,,,,,,,,,,,,,,,,,,,0,,,,,,,,,,,,,0,,,,0,0,,,,,,,,,,,,,0,,0,,,,,0,0,0,,0,2,0,,,,,,,,,,,,,,,,,0,
F009125,11101,Analysed,"Tea, regular, black, brewed from leaf or teabags, without milk",1,1,99.8,0.1,0.01,0,0,0,0,,,,,,,0,0,0,0,,,,,,,,,,,,,,,,0,0,,,,,,,,,,,,480,0,0,0,1,0.3,0,,0.006,150,0,0,0.2,1,0.29,0,0,,2,17,0,0,0,0,0.01,0,,0,,0,0,,,,0,0,0,0,0,0,0,0,0,4,0,4,4,0,0,0,0,0,0,0,,,,,,,,0,,,,,,,,,,,,,,,,,,,0,,,,,,,,,,,,,0,,,,0,0,,,,,,,,,,,,,0,,0,,,,,0,0,0,,0,19,0,,,,,,,,,,,,,,,,,0,
F009115,11101,Imputed,"Tea, black, brewed from leaf or teabags, decaffeinated",1,1,99.8,0.1,0.01,0,0,0,0,,,,,,,0,0,0,0,,,,,,,,,,,,,,,,0,0,,,,,,,,,,,,480,0,0,0,1,0.3,0,,0.006,150,0,0,0.2,1,0.29,0,0,,2,17,0,0,0,0,0.01,0,,0,,0,0,,,,0,0,0,0,0,0,0,0,0,4,0,4,4,0,0,0,0,0,0,0,,,,,,,,0,,,,,,,,,,,,,,,,,,,0,,,,,,,,,,,,,0,,,,0,0,,,,,,,,,,,,,0,,0,,,,,0,0,0,,0,0,0,,,,,,,,,,,,,,,,,0,
F009117,11101,Analysed,"Tea, green, plain, without milk",4,4,95.7,0.2,0.04,0,0,0,0,,,,,,,0,0,0,0,,,,,,,,,,,,,,,,0,0,,,,,,,,,,,,780,,0,0,3,0,,,0.017,,0,0,1.8,2,0.44,,0,,1,19,0,1,,,0.05,0,,0,,0,0,,,,0.007,0.058,0.03,0,0.03,,0,,0,0,0,0,0,0,0,0,0,0,0,0,,,,,,,,0,,,,,,,,,,,,,,,,,,,0,,,,,,,,,,,,,0,,,,0,0,,,,,,,,,,,,,0,,0,,,,,0,0,0,,0,13,0,,,,,,,,,,,,,,,,,0,
F005696,11802,Analysed,"Mineral water, natural, unflavoured",0,0,100,0,0,0,0.1,0,0,0,0,0,0,0,0,0,0,0,0,,,,,,,,,,,,,,,,0,0,,0,,0,0,,,0,,,,,,,,6,,11,,0,24,0.2,0,,4,0,,,,0,1,0,8,1,,0,0,,0,,0,0,,,,0,0,0,0,0,,0,,0,0,0,0,0,0,0,0,0,0,0,0,,0,,0,,0,,0,,,,,,,,,,0,,,,,,,,,0,,,,,,0,,,,,,,0,,,,0,0,,,,,,,,,,,,,0,,0,,,,,0,0,0,,0,0,0,,,,,,,,,,,,,,,,,0,
F005694,11605,Analysed,"Mineral water, citrus flavoured",65,65,99.7,0,0,0,0.1,0,0,,,,,,,3.8,3.7,3.8,0,,,,,,,,,,,,,,,,3.8,3.8,,0.4,,0,0,,,0,,,,,,,,5,,20,,0,31.2,0,0.06,,4,0,,,,1,5,0,16,2,,0,0,,0,,0,0,,,,0,0,0,0,0,,0,,0,1,0,1,1,0,0,0,0,0,0,0,,0,,0,,0,,0,,,,,,,,,,0,,,,,,,,,0,,,,,,0,,,,,,,0,,,,0,0,,,,,,,,,,,,,0,,0,,,,,0,0,0,,0,0,0,,,,,,,,,,,,,,,,,0,
F009516,11802,Analysed,"Water, bottled, still",0,0,100,0,0,0,0,0,0,0,0,0,0,0,0,0,0,0,0,,,,,,,,,,,,,,,,0,0,,,,,,,,,,,,,,,,1,,2,,,,0.2,0,,5,0,,,,0,0,0,1,,,0,0,,0,,0,0,,,,0,0,0,0,0,,0,,0,0,0,0,0,0,0,0,0,0,0,0,,,,,,,,0,,,,,,,,,,0,,,,,,,,,0,,,,,,0,,,,,,,0,,,,0,0,,,,,,,,,,,,,0,,0,,,,,0,0,0,,0,0,0,,,,,,,,,,,,,,,,,0,
F008377,11802,Estimated,"Water, soda",0,0,100,0,0,0,0,0,0,0,0,0,0,0,0,0,0,0,0,,,,,,,,,,,,,,,,0,0,0,0,,0,0,,0,0,,,,9.1,,0.2,0,2,0,6,0,0.035,80.25,0.7,0,0.6,1,0.307,0,0,0,0,0,0,3,3,,0,0,,0,,0,0,,,,0,0,0,0,0,,0,,0,0,0,0,0,0,0,0,0,0,0,0,,0,,0,,0,,0,,,,,,,,,,0,,,,,,,,,0,,,,,,0,,,,,,,0,,,,0,0,,,,,,,,,,,,,0,,0,,,,,0,0,0,,0,0,0,,,,,,,,,,,,,,,,,0,
F009527,11801,Analysed,"Water, tap",0,0,100,0,0,0,0,0,0,0,0,0,0,0,0,0,0,0,0,,,,,,,,,,,,,,,,0,0,0,0,,0,0,,0,0,,,,9.1,,0.2,0,2,0,6,0,0.035,80.25,0.7,0,0.6,1,0.307,0,0,0,0,0,0,3,3,,0,0,,0,,0,0,,,,0,0,0,0,0,,0,,0,0,0,0,0,0,0,0,0,0,0,0,,0,,0,,0,,0,,,,,,,,,,0,,,,,,,,,0,,,,,,0,,,,,,,0,,,,0,0,,,,,,,,,,,,,0,,0,,,,,0,0,0,,0,0,0,,,,,,,,,,,,,,,,,0,
F001688,11905,Analysed,"Breakfast cereal, beverage, non-chocolate flavours, added vitamins & minerals (Up & Go)",330,324,84.4,3.2,0.56,1.5,0.9,0.8,0,1.1,0,4,0,2.1,0,7.2,2.1,2.1,0,,,,,,,,,5.6,,,,,,,12.8,12.8,0,0.2,,0,0,,,0,,,,92.8,,0.6,0.5,152,3.1,,,0.04,,6.6,0.39,0.5,8,0.053,0.5,5.8,,135,157,1,50,,,0.22,62,0,0,,0,62,,,,0.107,0.264,1.26,0.61,1.87,2.88,0.14,,0.6,10,62,72,114,0,0,0,0,0,0,2.3,,0,,0,,0.3,,2.3,0,0,0,0,,0,,0,0,0.12,0,0.06,,0,,0.01,,0.01,0.2,,0,,0,0,0.36,,0,,0,,0,0.36,,,,0.9,0.02,,0,,,,0,,0,0,,,0,0,,0,0,,0,,0,0.92,0,,5.91,0,0,,,,,,,,,,,,,,,,,36,
F003607,23303,Analysed,"Dressing, French or Italian, regular fat, commercial",976,976,63.3,0.1,0.02,20.2,4.5,0,0,5.4,6.2,0.1,0,0,,11.7,11.7,11.7,0.3,,,,,,,,,,,,,,,,12,12,1.5,1.1,,0,0,0,,0,,,,,,,,0,,2709,,0,41.2,0,0,,0,0,,,,0,0,0,999,12,,0,0,0,0,0,0,0,,,,0,0.072,0,0.02,0.02,0,0,0,0.1,0,0,0,0,0,0,0,0,0,0,8,,,,,,,,8.03,0,0,0,0,,0,,0.02,0,1.19,0.01,0.63,,0.05,,0.13,,0.04,2.08,,0,,0.02,0,5.49,,0.03,,0,,0,5.55,,,,11.43,0.04,,0,,,,0,,0,0,,,0,0,,0,0,,0,,0,11.47,0,,38.61,0,0,,,,,,,,,,,,,,,,,1,
F003612,23301,Analysed,"Dressing, thousand island, regular fat, commercial",1614,1602,47.8,1.1,0.18,34.3,2.8,1.5,0,3.3,3.2,9.3,0,0,,15.9,15,15,2,,,,,,,,,,,,,,,,17.9,17.9,1.3,0.2,,0,0,0,,0,,,,,,,,13,,1534,,0,38.88,5.4,0.32,,6,0.054,,,,32,140,1.1,948,17,,0,5,0,76,0,76,18,,,,0,0,0.41,0,0.41,0.13,0.06,3.7,0,0,0,0,0,0,0,0,0,0,0,19.4,,,,,,,,19.44,0,0,0,0,,0,0,0,0,2.13,0.03,1.15,0,0.06,,0.2,,0.06,3.64,,0,0,0.03,0,8.24,,0.06,,0,,0,8.34,,,,20.68,0.1,,0,,0,,0,,0,0,,,0,0,,0,0,,,,0,20.78,0,,65.66,0,29,,,,,,,,,,,,,,,,,0,
F005441,23301,Analysed,"Mayonnaise, traditional (>65% fat), commercial",2625,2621,21.3,0.8,0.13,66.5,1.5,0.5,0,1.4,1.4,5,0,0,,7.8,7.8,7.8,0.8,,,,,,,,,,,,,,,,8.6,8.6,0.4,0.1,,0,0,0,0,0,,,,0,,0,0,8,2.5,1317,,0.005,37.62,17.1,0,0,2,0.008,,1.1,,15,14,1.8,475,21,,0.08,0,0,31,0,31,5,,,,0,0.02,0,0.15,0.15,0.03,0,2,0,0,0,0,0,0,0.12,0,0,0,0.12,15.9,,0.1,,0.5,,12.9,,17.28,0,0,0,0,,0,0,0.01,0,5.29,0.02,2.24,0,0.23,,0.33,,0.07,8.19,,0,0,0.13,0,22.39,,0.28,,0,,0.02,22.81,,,,29.28,2.76,,21.2,,50.88,,42.4,,0,0,,,0,0,,0,0,,0,,0,32.15,0,,407.04,0,24,,,,,,,,,,,,,,,,,9,
F005437,23302,Label Data,"Mayonnaise, low fat, commercial",555,555,73.8,0.5,0.09,1.9,2.3,0,0,,,,,,,22.1,22.1,22.1,7.1,,,,,,,,,,,,,,,,29.3,29.3,,,,,,,,,,,,,,,,9,,,,,,0,0.32,,3,,,,,25,17,2.2,732,,,0,0,,0,,0,0,,,,0,0.529,0,0.14,0.14,,0,,0,0,0,0,0,0,0,0,0,0,0,0.4,,,,,,,,0.4,0,0,0,0,,0,0,0,0,0.15,0,0.08,0,0,,0.01,,0,0.25,,0,0,0,0,0.82,,0,,0,,0,0.83,,,,0.71,0,,0,,0,,7.23,,0,0,,,0,0,,0,0,,,,0,0.72,0,,10.84,0,26,,,,,,,,,,,,,,,,,8,
F004265,23101,Recipe,"Gravy, prepared from dry powder with water",110,110,93.1,0.7,0.12,0.5,2,0,0,0,0,0,0,0,,0,0,0,2.4,,,,,,,,,,,,,,,,4.6,4.6,,,,,,,,,,,,,,,,4,,919,,0.058,87.52,0.9,0.1,,3,0.435,,,,15,11,0.7,507,16,,0.06,0,,0,,0,0,,,,0.021,0,0.14,0.13,0.28,,0.01,,0,1,0,1,1,0,0,0,0,0,0,0,,,,,,,,0.01,,,,,,,,,,0.2,,,,,,,,,0.24,,,,,,0.14,,,,,,,0.15,,,,0.1,0,,,,,,,,,,,,,0,,0,,,,,0,0.1,0,,5.84,0,0,,,,,,,,,,,,,,,,,8,
F005973,23102,Analysed,"Mustard, cream style",366,331,79.2,6.1,0.98,3.2,4.8,4.3,0,1.3,2,0.5,0,0,,3.8,3,3,2.7,,,,,,,,,,,,,,,,6.5,6.5,,,,,,,,,,,,,,,,87,,2478,,0.231,49.35,0,2.1,,58,0.525,,,,147,168,52.5,1491,168,,0.84,0,0,97,0,97,16,,,,0.21,0.032,1.05,1.56,2.61,,0,,0,8,0,8,8,0,0,0,0,0,0,11.1,,,,,,,,11.13,,,,0,,0,,0,0,0.1,0,0.03,,0.02,,0,,0,0.15,,,0,0.01,0,0.75,,0.34,,1.07,,,2.16,,,,0.44,0.36,,,,,,,,0,,,,0,0,,0,,,,,0,0.79,0,,0,0,0,,,,,,,,,,,,,,,,,92,
F007987,23102,Analysed,"Sauce, barbecue, commercial",819,811,62.8,0.9,0.14,0.1,2.4,1,0,11.9,11.3,20.2,0,0,,43.4,39,39,4.2,,,,,,,,,,,,,,,,47.7,47.7,1.5,0.2,,0,0,,0,0,,,,124.3,,0,0,14,4,1186,,0.069,15.82,2.5,0.45,0,10,0.107,,2.6,,14,147,0.6,802,17,,0.03,0,0,46,0,46,8,,,,0.017,0,0.06,0,0.06,0,0,,0,0,0,0,0,0,0,0,0,0,0,0.4,,0,,0,,0,,0.39,,,,,,,,,,,,,,,,,,,0,,,,,,,,,,,,,0,,,,0,0,,,,,,,,,,,,,0,,0,,,,,0,0,0,,0,0,0,,,,,,,,,,,,,,,,,0,
F007992,23104,Analysed,"Sauce, butter chicken, commercial",465,448,89.6,1.5,0.24,8.5,2.5,2.1,0,1.6,1.4,1.1,0,0,,4.1,0.9,0.9,2.5,,,,,,,,,,,,,,,,6.6,6.6,,,,,,,,,,,,,,,,24,,,,0,,3.4,0.88,,20,0,,,,15,163,1.6,522,,,0.28,21,0,0,0,0,21,,,,0.034,0.102,1.42,0.31,1.74,,0.01,,0,32,0,32,32,0,0,0,0,0,0,2.2,,,,,,,,2.23,0.05,0.04,0.03,0.07,,0.1,,0.32,0.03,2.36,0.02,0.46,,0.03,,0.01,,0,3.54,,0.02,,0.07,0,3.18,,0.04,,0.02,,0,3.33,,,,0.9,0.22,,0,,,,0,,0,0,,,0,0,,0,0,,0,,0,1.12,0,,93.01,0,20,,,,,,,,,,,,,,,,,18,
F008000,23102,Borrowed,"Sauce, cranberry, commercial",759,749,68.4,0,0,0,0.1,1.3,0,,,,,,,46.8,43.5,43.5,0,,,,,,,,,,,,,,,,46.8,46.8,,,,,,,,,,,,,,,,4,,,,,,0,0.48,,2,,,,,5,58,0.5,58,,,0.04,0,0,0,,0,0,,,,0.018,0.024,0.12,0,0.12,,0.02,,0,1,0,1,1,1,0,0,0,0,0,1.1,,,,,,,,1.09,,,,,,,,,,,,,,,,,,,0,,,,,,,,,,,,,0,,,,0,0,,,,,,,,,,,,,0,,0,,,,,0,0,0,,0,0,0,,,,,,,,,,,,,,,,,0,
F008004,23102,Analysed,"Sauce, fish, commercial",260,248,79.8,8.3,1.33,0.4,25.2,1.5,0,0,0.5,4.1,0.7,0,,5.4,5.4,5.4,0,,,,,,,,,,,,,,,,5.4,5.4,0.5,,,,,,,,,,,,,,,37,,,,0.398,,40.3,1.89,,144,0.066,,,,15,262,25.6,10071,,,0.91,0,30,17,35,50,8,,,,0,0.122,2.2,0.19,2.38,,0.48,,0,62,0,62,62,0,0,0,0,0,0,0,,,,,,,,0,,,,,,,,,,,,,,,,,,,0,,,,,,,,,,,,,0,,,,0,0,,,,,,,,,,,,,0,,0,,,,,0,0,0,,0,0,0,,,,,,,,,,,,,,,,,11,
F008008,23102,Analysed,"Sauce, hoi sin (hoisin), commercial",996,906,44.1,1.8,0.31,5.8,6.2,11.2,0,10.5,10.7,15,0,0,,36.2,34.9,34.9,4,,,,,,,,,,,,,,,,40.2,40.2,0.9,,,,,,,,,,,,,,,44,,,,0.27,,1.7,5.08,,15,0.032,,,,37,55,0,1674,,,0.65,0,,4,57,33,5,,,,0.011,0.27,1.19,0.04,1.23,,0.06,,0,25,0,25,25,1,0,0,0,0,0,0,,,,,,,,0,,,0,0,,0,,0,,0.67,,0.22,,0,,0,,0,0.89,,,,,,1.34,,,,,,,1.34,,,,2.93,0.41,,,,,,,,,,,,,0,,0,,,,,0,3.34,0,,0,0,0,,,,,,,,,,,,,,,,,3,
F008026,23102,Analysed,"Sauce, oyster, commercial",574,571,77.5,3.4,0.55,1.2,12.6,0.4,0,2,1.7,15.4,0,0,,19,18.9,18.9,6.6,,,,,,,,,,,,,,,,25.6,25.6,3.4,,,,,,,,,,,,,,,49,,,,0.439,,3.7,4.76,,29,0.049,,,,8,256,5.4,4624,,,1.1,49,,0,8,4,50,,,,0.024,0.061,0.73,0.65,1.39,,0.02,,0,18,0,18,18,0,0,0,0,0,0,0,,,,,,,,0,,,,,,,,,,,,,,,,,,,0.2,,,,,,,,,,,,,0.34,,,,0.29,0.01,,,,,,,,,,,,,4.69,,0,,,,,4.69,0.31,9.377,,0,0,0,,,,,,,,,,,,,,,,,38,
F008028,23102,Analysed,"Sauce, pasta or simmer, commercial, low fat",271,259,96.6,0.9,0.14,3.3,2.5,1.5,0,1,1.2,1.7,0,0,,4,2.4,2.4,3.5,,,,,,,,,,,,,,,,7.4,7.4,,,,,,,,,,,,,,,,10,,,,0,,0,0.91,,11,0,,,,23,100,1.1,318,,,0.23,0,0,25,0,25,4,,,,0.599,0.056,1.19,0.09,1.28,,1.75,,0,37,0,37,37,0,0,0,0,0,0,1.9,,,,,,,,1.86,,,,,,,,,,,,,,,,,,,0.34,,,,,,,,,,,,,1.39,,,,1.08,0.26,,,,,,,,,,,,,0,,0,,,,,0,1.34,0,,70.49,0,0,,,,,,,,,,,,,,,,,5,
F008029,23102,Analysed,"Sauce, pasta, basil pesto, commercial",1838,1824,53,6.1,0.98,42.7,5.2,1.7,0,0.5,0.9,1,0,0,,2.4,0.9,0.9,6.1,,,,,,,,,,,,,,,,8.5,8.5,,,,,,,,,,,,,,,,169,,,,0,,6.9,1.62,,37,0.494,,,,23,267,6.3,1439,,,1.25,0,0,352,0,352,59,,,,0.092,0.15,3.22,1.67,4.89,,0.29,,0.5,39,0,39,39,0,0,0,0,0,0,6.2,,,,,,,,6.19,,,,,,,,,,,,,,,,,,,7.97,,,,,,,,,,,,,24.99,,,,5.5,1.73,,,,,,,,,,,,,2.45,,4.49,,,,,0,7.24,6.934,,41.2,0,9,,,,,,,,,,,,,,,,,98,
F008036,23102,Analysed,"Sauce, pasta, cheese or cream-based, commercial",384,384,87.5,1.4,0.23,7.2,1.7,0.1,0,0.5,0.2,1.4,0,0.8,,2.9,1.4,1.4,2.8,,,,,,,,,,,,,,,,5.6,5.6,,,,,,,,,,,,0,,0,,33,,,,0.003,,6.6,0,0,5,0.009,,2.4,,22,100,0,511,,,0.13,6,0,6,0,6,7,,,,0.302,0.074,0,0.29,0.29,0.06,0,,0.1,14,0,14,14,0,0.01,0,0,0,0.02,0.6,,0,,0,,0.8,,0.72,0.2,0.1,0.06,0.12,,0.16,,0.46,0.05,1.3,0.03,0.42,,0.02,,0.01,,0,2.94,,0.04,,0.08,0,2.48,,0.03,,0,0,0,2.63,,,,0.78,0.3,,0,,0,,6.89,,0,0,,,0,0,,0,0,,0,,0,1.08,0,,48.24,0,14,,,,,,,,,,,,,,,,,17,
F008050,23104,Analysed,"Sauce, pasta, tomato-based, commercial, heated",248,232,93.2,1.8,0.28,1.6,2.1,2,0,2.8,2.5,1.5,0,0,,6.9,4,4,1.4,,,,,,,,,,,,,,,,8.2,8.2,0,0.7,,0,0,,0,0,,,,253,,0,1.9,29,13.2,770,,0.115,20.9,1,0.81,0,16,0.306,0,5,,36,370,0.8,413,24,5.4,0.21,0,0,336,0,336,56,,,,0.047,0.051,0.77,0.18,0.95,0.03,0.14,5.6,0,67,0,67,67,1,0,0,0,0,0,2,,0,,0,,0,,1.98,0,0,0,0,,0,,0,0,0.13,0,0.04,,0,,0.01,,0,0.18,,0,,0.01,0,0.82,,0,,0,0,0,0.84,,,,0.24,0.03,,0,,0,,0,,0,0,,,0,0,,0,0,,0,,0,0.27,0,,0,0,0,,,,,,,,,,,,,,,,,11,
F008054,23102,Analysed,"Sauce, plum, commercial",1236,1229,51.5,0.2,0.02,1,2.7,0.8,0,31.3,30.8,0,0,0,,62.2,58.3,58.3,10.7,,,,,,,,,,,,,,,,72.9,72.9,0.8,,,,,,,,,,,,,,,19,,,,0.903,,0,3.22,,31,0.026,,,,6,41,0.5,1226,,,1.16,0,,34,32,50,8,,,,0,0.064,0,0,0,,0.1,,0,8,0,8,8,2,0,0,0,0,0,0,,,,,,,,0,,,0,0,,0,,0.24,,0.29,,0,,0,,0,,0,0.52,,,,,,0.18,,,,,,,0.18,,,,0.25,0,,,,,,,,,,,,,0,,0,,,,,0,0.25,0,,0,0,0,,,,,,,,,,,,,,,,,0,
F008055,23102,Analysed,"Sauce, rogan josh, commercial",333,316,88.7,1.7,0.27,4.6,2.8,2.1,0,1.4,1,1.1,0,0,,3.5,2,2,3.5,,,,,,,,,,,,,,,,7,7,,,,,,,,,,,,,,,,32,,,,0,,5.7,1.24,,23,0.136,,,,21,372,0,574,,,0.32,8,0,23,0,23,12,,,,0.068,0.124,1.02,0.19,1.21,,0.09,,0,34,0,34,34,0,0,0,0,0,0,1,,,,,,,,1.02,0.02,0.02,0.14,0.12,,0.76,,0.37,0.01,0.5,0,0.18,,0.01,,0,,0,2.14,,0.01,,0.02,,1.33,,0.02,,0,,0,1.38,,,,0.79,0.1,,0,,,,0,,0,0,,,0,0,,0,0,,,,0,0.89,0,,28.48,0,4,,,,,,,,,,,,,,,,,11,
F008056,23104,Analysed,"Sauce, salsa, tomato-based, commercial",160,146,98.4,1.4,0.23,0,2.2,1.8,0,2.4,2.4,0.6,0,0,,5.4,0,0,1.5,,,,,,,,,,,,,,,,6.9,6.9,,0.6,,0,0.4,,,0,,,,,,,,40,,935,,0.11,0,1.1,0.67,,16,0.11,,,,29,297,0,528,,,0.19,0,0,198,,198,33,,,,0.055,0,0.88,0.19,1.07,0,0.1,2,0,40,0,40,40,9,0,0,0,0,0,1.1,,,,,,,,1.1,,,,,,,,,,0,,,,,,,,,0,,,,,,0,,,,,,,0,,,,0,0,,,,,,,,,,,,,0,,0,,,,,0,0,0,,0,0,0,,,,,,,,,,,,,,,,,11,
F008062,23102,Analysed,"Sauce, simmer for chicken, commercial",433,418,92.2,0.9,0.14,8.5,1.9,1.9,0,1,1.1,1.6,0,0,,3.7,0.2,0.2,1.7,,,,,,,,,,,,,,,,5.4,5.4,,,,,,,,,,,,,,,,10,,,,0,,2.3,0.7,,16,0,,,,17,61,1,240,,,0.2,0,0,0,0,0,0,,,,3.164,0.079,1.39,0.16,1.55,,0.34,,0,34,0,34,34,0,0,0,0,0,0,0.9,,,,,,,,0.9,0,0,0,0.01,,0.01,,0.04,0,0.59,0.01,0.29,,0.02,,0.05,,0.02,1.05,,0,,0.02,0,2.42,,0.02,,0,,0,2.47,,,,4.42,0.04,,0,,,,0,,0,0,,,0,0,,0,0,,0,,0,4.46,0,,11.35,0,0,,,,,,,,,,,,,,,,,10,
F008063,23102,Analysed,"Sauce, simmer, curry flavoured, commercial",558,538,87.3,2.4,0.38,7.8,2.1,2.6,0,2.7,2.8,2.5,0,0,,8,0,0,4.1,,,,,,,,,,,,,,,,12.1,12.1,,0.2,,0.2,0.4,,,0,,,,,,,,35,,938,,0.136,0,4.6,1.24,,24,0.429,,,,47,203,0,576,,,0.32,8,0,170,,170,36,,,,1.062,0.056,1.02,0.39,1.4,0,0.09,4,0,33,0,33,33,0,0,0,0,0,0,1,,,,,,,,1.02,0.04,0.04,0.11,0.13,,0.58,,0.48,0.03,1.63,0.02,0.41,,0.02,,0.02,,0,3.53,,0.03,,0.06,0.01,2.34,,0.03,,0.01,,0,2.48,,,,0.83,0.17,,2.34,,,,0,,0,0,,,0,0,,0,0,,0,,0,1,0,,64.36,0,4,,,,,,,,,,,,,,,,,23,
F008065,23102,Analysed,"Sauce, soy, commercial",219,219,75.1,7.2,1.26,0,16,0,1.5,0.2,0.6,1.5,0,0,,2.3,1.4,1.4,1,,,,,,,,,,,,,,,,3.4,3.4,,,,,,,,,,,,163.5,,0.5,0.5,22,7.8,10605,,0.005,0,5.7,1.36,0.9,53,0.791,,37.2,,150,314,2.8,5880,61,,0.54,0,0,0,0,0,0,,,,0.168,0.116,0,0.18,0.18,0.21,0,3.4,0,36,0,36,36,0,0,0,0,0,0,0,,0,,0,,0,,0,,,,,,,,,,0,,,,,,,,,0,,,,,,0,,,,,,,0,,,,0,0,,,,,,,,,,,,,0,,0,,,,,0,0,0,,0,0,0,,,,,,,,,,,,,,,,,10,
F008067,23102,Imputed,"Sauce, soy, commercial, reduced salt",219,219,78.8,7.2,1.26,0,12.3,0,1.5,0.2,0.6,1.5,0,0,,2.3,1.4,1.4,1,,,,,,,,,,,,,,,,3.4,3.4,,,,,,,,,,,,163.5,,0.5,0.5,22,7.8,8691,,0.005,0,5.7,1.36,0.9,53,0.791,,37.2,,150,314,2.8,4131,61,,0.54,0,0,0,0,0,0,,,,0.168,0.116,0,0.18,0.18,0.21,0,3.4,0,36,0,36,36,0,0,0,0,0,0,0,,0,,0,,0,,0,,,,,,,,,,0,,,,,,,,,0,,,,,,0,,,,,,,0,,,,0,0,,,,,,,,,,,,,0,,0,,,,,0,0,0,,0,0,0,,,,,,,,,,,,,,,,,10,
F008077,23102,Borrowed,"Sauce, tabasco, commercial",56,51,93.3,1.3,0.2,0.7,1.9,0.6,0,,,,,,,0.1,0,0,0,,,,,,,,,,,,,,,,0.1,0.1,,,,,,,,,,,,,,,,12,,,,0.074,,0.7,1.14,,12,0.105,,,,22,125,0.5,620,,,0.16,0,61,901,67,964,161,,,,0.031,0.082,0.17,0.28,0.46,0.11,0.15,,0,1,0,1,1,4,0,0,0,0,0,0,,,,,,,,0.01,,,,,,,,,,,,,,,,,,,0.12,,,,,,,,,,,,,0.01,,,,0.42,0,,,,,,,,,,,,,0,,0,,,,,0,0.42,0,,0,0,0,,,,,,,,,,,,,,,,,17,
F008083,23104,Analysed,"Sauce, tomato, commercial",454,443,72.5,1.4,0.22,0,2.6,1.4,0,4.5,4.6,15.6,0,0,,24.6,22.4,22.4,0.4,,,,,,,,,,,,,,,,25.1,25.1,1,0.4,,0,0,0,,0,,,,488.8,,0,1.4,14,3,1456,,0.073,9.36,4.8,0.68,0,15,0.12,0,3.8,61,28,304,0,905,17,0,0.16,0,0,250,0,250,42,,7072,,0.031,0,0,0.11,0.11,0,0,4.7,0,16,0,16,16,0,0,0,0,0,0,1,,0,,0,,0,,1.04,,,,,,,,,,0,,,,,,,,,0,,,,,,0,,,,,,,0,,,,0,0,,,,,,,,,,,,,0,,0,,,,,0,0,0,,0,0,0,,,,,,,,,,,,,,,,,6,
F008085,23104,Imputed,"Sauce, tomato, commercial, reduced salt",454,443,73,1.4,0.22,0,2.6,1.4,0,4.5,4.6,15.6,0,0,,24.6,22.4,22.4,0.4,,,,,,,,,,,,,,,,25.1,25.1,1,0.4,,0,0,,,0,,,,488.8,,0,1.2,12,3.2,,,0.068,,3.2,0.64,0,14,0.114,,3.1,,28,281,0,550,,,0.14,0,0,250,0,250,42,,7072,,0.031,0,0,0.11,0.11,0,0,,0,16,0,16,16,0,0,0,0,0,0,1,,0,,0,,0,,1.04,,,,,,,,,,,,,,,,,,,0,,,,,,,,,,,,,0,,,,0,0,,,,,,,,,,,,,0,,0,,,,,0,0,0,,0,0,0,,,,,,,,,,,,,,,,,6,
F010105,23104,Label Data,"Sauce, tomato, reduced sugar & salt, commercial",240,230,86.5,1.4,0.22,0,2.6,1.4,0,,,,,,,11.3,3,3,0.4,,,,,,,,,,,,,,,,11.7,11.7,1,0.4,,0,0,,,0,,,,488.8,,0,1.2,12,3.2,,,0.068,,3.2,0.64,0,14,0.114,,3.1,,28,281,0,527,,,0.14,0,0,250,0,250,42,,7072,,0.031,0,0,0.11,0.11,0,0,,0,16,0,16,16,0,0,0,0,0,0,1,,0,,0,,0,,1.04,,,,,,,,,,,,,,,,,,,0,,,,,,,,,,,,,0,,,,0,0,,,,,,,,,,,,,0,,0,,,,,0,0,0,,0,0,0,,,,,,,,,,,,,,,,,6,
F008090,23103,Recipe,"Sauce, white, savoury, homemade",795,794,75.6,4.2,0.67,14.3,1,0.2,0,0,0,0,0.1,5.2,,5.4,0,0,6.1,,,,,,,,,,,,,,,,11.5,11.5,,,,,,,,,,,,4.9,,0.2,0,105,1.4,,,0.021,,22.6,0.12,0,13,0.114,,5.3,,97,154,2.4,138,,,0.39,106,,29,,29,111,,,,0.034,0.182,0.47,0.75,1.23,0.36,0.02,,0.3,5,0,5,5,0,0.03,0.01,0.02,0,0.16,0.3,,,,,,,,0.31,0.6,0.37,0.21,0.47,,0.54,,1.69,0.19,4.16,0.1,1.47,,0.01,,0,,0,9.81,,0.15,,0.25,0,2.53,,0,,0,,0,2.94,,,,0.25,0.09,,0,,,,0,,0,0.22,,,3.27,0.22,,0.92,0,,0,,0,0.34,1.135,,361.4,0,32,,,,,,,,,,,,,,,,,44,
F008094,23102,Analysed,"Sauce, Worcestershire, commercial",380,380,89.4,1.5,0.25,0.2,6.1,0,0,8.3,7.7,4.6,0,0,,20.6,19,19,0.8,,,,,,,,,,,,,,,,21.5,21.5,,,,,,,,,,,,,,,,195,,2489,,0.171,1.22,1.2,4.51,,101,0.83,,,,28,1086,4.9,1293,183,,0.49,0,0,10,0,10,2,,,,0,0.159,0.49,0.29,0.78,0.71,0.74,31.7,0.2,2,0,2,2,0,0,0,0,0,0,0.1,,,,,,,,0.15,,,0,0,,0,,0,0,0.04,0,0.01,,0,,0,,0,0.05,,0,0,0,0,0.09,,0,,0,,,0.1,,,,0.05,0,,,,,,,,0,,,,0.67,4.71,,0.45,0,,,,15.26,0.08,20.428,,0,0,0,,,,,,,,,,,,,,,,,17,
F009498,23305,Analysed,Vinegar (except balsamic vinegar),66,66,96.4,0,0.01,0,0,0,0,,,,,,,0,0,0,0,,,,,,,,,,,,,,,,0,0,4.3,,,,,,,,,,,,,,,1,,20,,0,24.24,0.2,0,,1,0,,,,5,6,0,5,1,,0,0,,0,,0,0,,,,0,0,0,0,0,,0,,0,0,0,0,0,0,0,0,0,0,0,0,,,,,,,,0,,,,,,,,,,0,,,,,,,,,0,,,,,,0,,,,,,,0,,,,0,0,,,,,,,,,,,,,0,,0,,,,,0,0,0,,0,0,0,,,,,,,,,,,,,,,,,0,
F009499,23305,Borrowed,"Vinegar, balsamic",333,316,78.5,0.5,0.08,0,0.4,2.1,0,,,,,,,15.2,0,15.2,0,,,,,,,,,,,,,,,,15.2,15.2,4.3,,,,,,,,,,,,,,,27,,20,,0.026,24.24,0.2,0.73,,12,0.132,,,,19,113,0,23,1,,0.08,0,0,0,,0,0,,,,0,0,0,0,0,,0,,0,0,0,0,0,0,0,0,0,0,0,0,,,,,,,,0,,,,,,,,,,0,,,,,,,,,0,,,,,,0,,,,,,,0,,,,0,0,,,,,,,,,,,,,0,,0,,,,,0,0,0,,0,0,0,,,,,,,,,,,,,,,,,0,
F003270,19301,Analysed,"Cream, thickened, regular fat (~35%)",1465,1465,58.3,2.1,0.33,37.6,0.4,0,0,0,0,0,0,2.5,0,2.5,0,0,0,,,,,,,,,,,,,,,,2.5,2.5,,,,,,,,,,,,0,,,0,62,0.2,,,0.005,,11.6,0,,6,0.002,,10.7,1,60,86,0,28,20,,0.2,258,0,185,0,185,288,,,,0.021,0.124,0,0.37,0.37,0.15,0,,0.2,66,0,66,66,0,0.18,0.05,0.02,0,0.36,1.1,,0,,0,,0,,1.13,1.46,0.84,0.47,1.05,,1.31,0,4.01,0.42,10.59,0.26,3.7,0.04,0.05,,0.03,,0,24.22,,0.37,0,0.6,0.09,7.91,,0.07,,0,,0,9.05,,,,0.72,0.32,,0,,291.06,,0,,0,0,,,0,41.41,,35.49,0,,0,,0,1.42,76.905,0,1938.02,0,113,,,,,,,,,,,,,,,,,22,
F003269,19303,Analysed,"Cream, sour, regular fat",1386,1386,60.4,1.9,0.3,35.6,0.4,0,0,0,0,0,0,2,0,2,0,0,0,,,,,,,,,,,,,,,,2,2,0,0,,0.4,0,,0,0,,,0,0,,,0,49,0,,,0.007,,14.7,0,,5,0.001,,9.8,,47,72,0,19,18,,0.18,314,0,137,0,137,336,,,,0,0.108,0,0.25,0.25,0.12,0,,0.1,56,0,56,56,0,0.17,0.05,0.02,0,0.34,1.1,,0,,0,,0,,1.08,0.87,0.6,0.37,0.94,,1.14,,3.87,0.44,10.12,0.27,4.3,,0.07,,0,,0,22.99,,0.3,,0.64,0,7.56,,0,,0,,0,8.5,,,,0.57,0.2,,0,,,,0,,0,0,,,0,0,,0,0,,0,,0,0.77,0,,1344.7,0,89,,,,,,,,,,,,,,,,,15,
F003267,19304,Analysed,"Cream, sour, light (~18% fat)",886,886,71.5,3.7,0.58,20.1,0.9,0,0,0,0,0,0,4.6,0,4.6,0,0,0,,,,,,,,,,,,,,,,4.6,4.6,0,0,,0.4,0,,0,0,,,0,0,,,0,82,0,,,0.007,,15.3,0,,5,0.001,,10.2,,74,75,0.5,19,18,,0.18,183,0,80,0,80,196,,,,0,0.112,0,0.48,0.48,0.12,0,,0.1,58,0,58,58,0,0.18,0.05,0.02,0,0.36,0.6,,0,,0,,0,,0.63,0.49,0.34,0.21,0.53,,0.64,,2.18,0.25,5.72,0.15,2.43,,0.04,,0,,0,12.99,,0.17,,0.36,0,4.27,,0,,0,,0,4.8,,,,0.32,0.11,,0,,,,0,,0,0,,,0,0,,0,0,,0,,0,0.44,0,,759.55,0,93,,,,,,,,,,,,,,,,,28,
F003255,19305,Analysed,"Cream, imitation (non-dairy)",1119,1119,59.4,1,0.16,22,0.2,0,0,0,3.8,11.8,0,0.8,,16.5,16.4,16.4,1.4,,,,,,,,,,,,,,,,17.9,17.9,,,,,,,,,,,,,,,,17,,91,,0,0,0,0,,2,0,,,,20,24,6.1,58,,,0.14,0,0,0,,0,0,,,,0,0,0,0,0,0,0,,0,0,0,0,0,0,0,0,0,0,0,0,,,,,,,,0,0,0.04,0.75,0.7,,9.54,,3.21,0,1.93,0,3.32,,0.04,,0,,0,19.54,,0,,0,,1.1,,0,,0,,0,1.1,,,,0.08,0,,0,,,,0,,0,0,,,0,0,,0,0,,,,0,0.08,0,,311.11,0,0,,,,,,,,,,,,,,,,,0,
F004508,19501,Analysed,"Ice cream, vanilla flavour, regular fat",443,443,33.3,2,0.32,6.1,0.4,0,0,0,0.3,6.6,0,3.2,0,10.1,7.2,7.2,1.2,,,,,,,,,,,,,,,,11.3,11.3,0,0.1,,0,0,,0,0,,,,,,,,51,0.3,62,,0,,12.2,0.05,,7,0.002,,3.8,0,46,78,0.6,26,,,0.13,82,0,104,0,104,100,,,,0,0.16,0.38,0.66,1.05,0,0.02,,0,5,0,5,5,0,0.03,0,0.03,0,0.16,0,,0,,,,,,0,0.32,0.18,0.09,0.18,,0.2,,0.63,0.07,1.74,0.04,0.69,,0,,0,,0,4.12,,0.06,,0.11,0,1.27,,0,,0,,0,1.44,,,,0.11,0.05,,0,,,,0,,0,0,,,0,0,,0,0,,0,,0,0.16,0,,178.84,0,19,,,,,,,,,,,,,,,,,39,
F004507,19501,Analysed,"Ice cream, vanilla flavour, premium or rich (~15% fat)",577,577,37,2,0.32,8.5,0.4,0,0,0,0.8,8.2,0.3,3.2,,12.4,8.6,8.6,1.8,,,,,,,,,,,,,,,,14.2,14.2,,,,,,,,,,,,0,,0,,69,,,,0.004,,15.1,0,0,6,0.003,,3.4,,60,94,0,23,,,0.21,101,0,43,,43,108,,,,0.019,0.126,0,0.41,0.41,0.24,0,,0.2,10,0,10,10,0,0.61,0.01,0.02,0,0.75,0.2,,0,,0,,0,,0.19,0.3,0.19,0.12,0.26,,0.31,,0.95,0.1,2.49,0.06,0.84,,0,,0,,0,5.63,,0.09,,0.14,0,1.65,,0,,0,0,0,1.87,,,,0.14,0.05,,0,,0,,0,,0,0,,,8.04,0,,8.04,0,,0,,0,0.21,8.037,,217,0,29,,,,,,,,,,,,,,,,,24,
F005634,19101,Analysed,"Milk, cow, fluid, regular fat (~3.5%)",278,278,90.7,3.4,0.53,3.5,0.7,0,0,0,0,0,0,5.5,0,5.5,0,0,0,,,,,,,,,,,,,,,,5.5,5.5,0,0.2,,0,0,,0,0,,,,0.4,0,0,0,109,0.7,103,,0.006,,23.6,0.02,0,10,0.003,0,3,0,90,146,1.3,36,29,0,0.34,43,0,18,0,18,46,,,,0.023,0.188,0.26,0.57,0.84,0.36,0.02,3.9,0.4,5,0,5,5,0,0,0,0.02,0,0.08,0.1,,0,,0,,0,,0.09,0.14,0.08,0.05,0.1,0,0.12,0,0.39,0.04,1.04,0.02,0.36,,0,0,0,0,0,2.35,,0.03,0,0.06,0,0.68,,0,,0,,0,0.78,,,,0.06,0.02,,0,,,,0,,0,0.24,,,2.12,0.24,,0.82,0,,0,,0,0.08,1.06,,102.26,0,10,,,,,,,,,,,,,,,,,34,
F005602,19101,Recipe,"Milk, cow, fluid, prepared from dry powder, regular fat, standard dilution",301,301,88.7,3.7,0.58,3.7,0.8,0,0,0,0,0,0,6.3,,6.3,0,0,0,,,,,,,,,,,,,,,,6.3,6.3,,,,,,,,,,,,,,,,126,,,,,,18.3,0,,13,,,,,119,191,1.8,48,,,0.34,52,,18,,18,54,,,,0.029,0.235,0,0.8,0.8,,0.03,,0.1,17,0,17,17,6,0.01,0.02,0.02,0,0.13,0.1,,0,,0,,0,,0.13,,,,,,,,,,1.15,,,,,,,,,2.48,,,,,,0.71,,,,,,,0.82,,,,0.06,0.02,,,,,,,,,,,,,0,,3.5,,,,,0,0.09,3.497,,68.89,0,16,,,,,,,,,,,,,,,,,47,
F005635,19104,Analysed,"Milk, cow, fluid, regular fat (~3.5%), added omega 3 polyunsaturates",261,261,91.9,3.2,0.5,3.3,0.9,0,0,0,0,0,0,5.2,0,5.2,0,0,0,,,,,,,,,,,,,,,,5.2,5.2,,,,,,,,,,,,57.7,,0.5,0.5,113,1.1,,,0.052,,24.7,0.45,0.5,10,0.059,0.5,4.1,,91,206,0.5,41,,,0.12,50,0,5,,5,51,,,,0.041,0.227,0,0.67,0.67,0.82,0.07,,0.6,14,0,14,14,0,0.1,0,0,0,0.1,0.1,,0,,0,,0,,0.09,0.06,0.06,0.03,0.07,,0.09,,0.33,0.04,1.11,0,0.36,,0,,0,,0,2.15,,0.03,,0.07,0,0.73,,0,,0,,0,0.83,,,,0.08,0.03,,0,,,,0,,0,1.56,,,3.11,0,,1.56,0,,0,,10.9,0.13,12.459,,63.23,0,5,,,,,,,,,,,,,,,,,39,
F005614,19102,Analysed,"Milk, cow, fluid, reduced fat (~1%)",188,188,93.3,3.5,0.54,1.2,0.8,0,0,0,0,0,0,5,0,5,0,0,0,,,,,,,,,,,,,,,,5,5,0,0.2,,0,0,,0,0,,,,0,,0,0,119,0.1,,,0.005,,26.6,0.01,0,11,0.003,,2.8,0,96,162,0.8,38,33,,0.38,14,0,4,0,4,14,,,,0.021,0.18,1.14,0.74,1.88,0.41,0.01,,0.2,5,0,5,5,0,0,0,0.02,0,0.09,0,,0,,0,,0,,0.02,0.09,0.05,0.03,0.05,,0.06,,0.13,0.01,0.34,0.01,0.11,,0,,0,,0,0.88,,0.01,,0.02,0,0.21,,0,,0,,0,0.24,,,,0.02,0.01,,0,,,,0,,0,0.12,,,0.83,0,,0,0,,0,,0,0.03,0,,27.07,0,5,,,,,,,,,,,,,,,,,43,
F005621,19104,Analysed,"Milk, cow, fluid, reduced fat (~1.5%), added omega 3 polyunsaturates",222,222,91.9,4.7,0.74,1.4,0.9,0,0,0,0,0,0,5.3,0,5.3,0,0,0,,,,,,,,,,,,,,,,5.3,5.3,0,0.2,,0,0,,0,0,,,,58.2,,0.5,0.5,114,1.1,,,0.053,,25,0.46,0.5,11,0.059,0.5,4.2,,98,208,0.5,42,,,0.12,10,0,5,0,5,11,,,,0.042,0.229,0,1.06,1.06,0.83,0.04,,0.6,27,0,27,27,0,0.1,0,0,0,0.1,0,,0,,0,,0,,0.05,0.01,0.01,0.01,0.01,,0.02,,0.04,0,0.25,0,0.12,,0,,0.01,,0,0.5,,0,,0.01,0,0.74,,0,,0,,0,0.76,,,,0.07,0.01,,0,,,,0,,0,0,,,1.03,9.63,,1.72,0,,0,,14.45,0.12,25.798,,15.14,0,5,,,,,,,,,,,,,,,,,62,
F005637,19103,Analysed,"Milk, cow, fluid, skim (~0.15% fat)",152,152,94.1,3.7,0.59,0,0.5,0,0,0,0,0,0,5.5,0,5.5,0,0,0,,,,,,,,,,,,,,,,5.5,5.5,,,,,,,,,,,,0,,0,0,120,0.2,,,0.004,,18.7,0,0,11,0.003,,3.1,0,100,166,1.4,40,,,0.42,0,0,0,0,0,0,,,,0.021,0.177,0,0.93,0.93,0.31,0.02,,0.8,11,0,11,11,0,0,0,0.02,0,0.09,0,,0,,0,,0,,0,0,0,0,0,,0,0,0,0,0,0,0,0,0,,0,,0,0,,0,0,0,0,0,,0,,0,,,0,,,,0,0,,,,0,,,,,,,,,0,,0,,,,,0,0,0,0,0,0,3,,,,,,,,,,,,,,,,,54,
F005605,19103,Recipe,"Milk, cow, fluid, prepared from dry powder, skim, standard dilution",169,169,93.3,3.9,0.61,0.1,0.9,0,0,0,0,0,0,6.2,,6.2,0,0,0,,,,,,,,,,,,,,,,6.2,6.2,,,,,,,,,,,,,,,,124,,,,,,23,0,,13,,,,,111,201,1.7,49,,,0.37,0,,2,,2,1,,,,0.026,0.189,0,0.83,0.83,,0.02,,0.2,3,0,3,3,1,0.01,0.01,0.01,0,0.1,0,,0,,0,,0,,0,,,,,,,,,,0.02,,,,,,,,,0.06,,,,,,0.02,,,,,,,0.02,,,,0,0,,,,,,,,,,,,,0.08,,0.17,,,,,0,0,0.253,,1.66,0,3,,,,,,,,,,,,,,,,,49,
F005599,19101,Analysed,"Milk, cow, fluid, lactose free, regular fat (~3.5%)",253,253,90.8,3.2,0.5,3.2,0.7,0,0,0,2.4,0,0,0,2.3,4.6,0,0,0.2,,,,,,,,,,,,,,,,4.8,4.8,0,0.2,,0,0,,0,0,,,,0,0,0,0,113,0,103,,0.004,,28.8,0,0,10,0.003,0,3.1,0,85,154,2.2,36,29,0,0.39,47,0,39,0,39,54,,,,0.052,0.154,0,0.62,0.62,0.29,0.02,3.9,0.5,0,0,0,0,0,0,0,0.02,0,0.08,0,,0,,0,,0,,0,0.09,0.08,0.04,0.09,,0.11,,0.35,0.04,0.98,0.02,0.36,,0.01,,0,,0,2.17,,0.03,,0.06,0,0.6,,0,,0,,0,0.69,,,,0.05,0.02,,0,,,,0,,0,0,,,3.04,0,,0,0,,0,,0,0.08,0,,6.08,0,11,,,,,,,,,,,,,,,,,36,
F005598,19102,Label Data,"Milk, cow, fluid, lactose free, reduced fat (~1%)",186,185,93.2,3.4,0.55,1.2,0.7,0.1,0,,,,,,,4.9,0,0,0.2,,,,,,,,,,,,,,,,5.1,5.1,0,0.2,,0,0,,0,0,,,,0,,0,0,127,0,,,0.004,,29.1,0,0,10,0.003,,3.1,,86,156,2.2,44,,,0.4,15,0,40,0,40,22,,,,0.052,0.156,0,0.66,0.66,0.29,0.02,,0.5,0,0,0,0,0,0,0,0.02,0,0.09,0,,0,,0,,0,,0,0.03,0.03,0.01,0.03,,0.04,,0.13,0.01,0.36,0.01,0.13,,0,,0,,0,0.79,,0.01,,0.02,0,0.22,,0,,0,,0,0.25,,,,0.02,0.01,,0,,,,0,,0,0,,,1.1,0,,0,0,,0,,0,0.03,0,,2.2,0,5,,,,,,,,,,,,,,,,,39,
F005581,19105,Analysed,"Milk, cow, canned, evaporated, regular",635,635,77.8,8.1,1.3,8.8,1.8,0,0,0,0,0,0,10.7,,10.7,0,0,0,,,,,,,,,,,,,,,,10.7,10.7,,,,,,,,,,,,,,,,276,,,,0.011,,57.2,0.16,,25,0.005,,,,267,368,6.5,113,,,0.86,80,0,48,0,48,88,,,,0.07,0.545,0.16,1.73,1.89,1.08,0,,0.2,0,0,0,0,1,0,0,0.04,0,0.22,0,,0,,,,,,0,0.3,0.19,0.1,0.22,,0.26,0,0.88,0.09,2.57,0.06,0.93,0.01,0.02,,0.01,,0,5.64,,0.07,0,0.13,0.03,1.95,,0.02,,0,,,2.2,,,,0.18,0.06,,,,52.68,,,,,,,,,5.54,,8.32,,,,,0,0.31,13.863,0,163.86,0,26,,,,,,,,,,,,,,,,,102,
F005580,19105,Analysed,"Milk, cow, canned, evaporated, reduced fat (~2%)",410,410,84.1,8.4,1.33,2.3,1.9,0,0,0,0,0,0,11.4,,11.4,0,0,0,,,,,,,,,,,,,,,,11.4,11.4,,,,,,,,,,,,,,,,288,,,,0.005,,57.2,0.32,,27,0.005,,,,264,376,6.5,113,,,0.97,17,0,9,0,9,19,,,,0.081,0.599,0.11,1.8,1.9,1.08,0,,0.2,0,0,0,0,0,0,0,0.04,0,0.22,0,,0,,,,,,0,0.08,0.05,0.02,0.06,,0.07,0,0.23,0.02,0.66,0.02,0.24,0,0,,0,,0,1.45,,0.02,0,0.03,0.01,0.5,,0,,0,,,0.57,,,,0.05,0.02,,,,13.57,,,,,,,,,1.43,,2.14,,,,,0,0.08,3.572,0,42.22,0,11,,,,,,,,,,,,,,,,,106,
F005582,19105,Analysed,"Milk, cow, canned, sweetened, condensed, regular",1756,1756,33.2,10.7,1.68,11.9,2.4,0,0,0.2,0.4,55.6,0,14.7,,71,59.1,59.1,0,,,,,,,,,,,,,,,,71,71,,,,,,,,,,,,,,,,346,,,,0.013,,46.4,0.19,,32,0.006,,,,329,460,10.3,136,,,1.16,90,0,59,0,59,100,,,,0.103,0.78,0.39,2.28,2.67,2.58,0,,0.6,0,0,0,0,1,0,0,0.08,0,0.39,0.2,,0,,,,,,0.26,0.4,0.28,0.17,0.35,,0.38,,1.22,0.14,3.07,0.08,1.55,,0.13,,,,,7.78,,,,,,,,,,,,,2.81,,,,0.18,0.09,,,,,,,,,,,,,0,,8.41,,,,,0,0.28,8.411,,392.53,0,40,,,,,,,,,,,,,,,,,134,
F005587,19802,Analysed,"Milk, cow, fluid, flavoured, chocolate, reduced fat",277,277,89.4,3.5,0.54,2,0.7,0,0,0,0,4.3,0,4.7,0,9,4.3,4.3,0,0,,,,,,,,,,,,,,,9,9,,,,,,,,,,,,0,,0,,118,,,,0.027,,22.6,0.22,0,15,0.04,,3.6,,100,177,1.7,49,,,0.41,24,0,6,,6,24,,,,0.01,0.184,0.21,0.71,0.92,0.3,0,,0.2,6,0,6,6,0,0.09,0,0,0,0.09,0,,0,,0,,0,,0,0.08,0.05,0.03,0.06,,0.07,,0.22,0.02,0.55,0.02,0.2,,0,,0,,0,1.31,,0.02,,0.03,0,0.39,,0,,0,0,0,0.44,,,,0.04,0.01,,0,,0,,0,,0,0,,,1.88,0,,0,0,,0,,0,0.06,0,,50.9,1,9,,,,,,,,,,,,,,,,,42,
F005647,32103,Borrowed,"Milk, human/breast, mature, fluid",298,298,91,1.4,0.21,4.4,0.2,0,0,,,,,,,7.1,0,0,0,,,,,,,,,,,,,,,,7.1,7.1,,,,,,,,,,,,,,,,33,,,,,,3.1,0.03,,3,,,,,14,53,1.9,18,,,0.18,62,,7,,7,64,,,,0.014,0.037,0.18,0.38,0.56,,0.01,,0,5,0,5,5,5,0.1,0,0,0,0.1,0.1,,,,,,,,0.08,,,,0.05,,0.22,,0.3,0.02,1.01,0.02,0.33,,0.03,,0,,0,1.98,,0.02,,0.11,,1.3,,0.01,,0,,,1.43,,,,0.39,0.03,,5.98,,,,4.38,,,11.06,,,15.27,3.1,,7.1,3.14,,,,7.97,0.48,18.162,,103.19,0,14,,,,,,,,,,,,,,,,,22,
F003442,19601,Analysed,"Custard, vanilla, regular fat",460,449,86.9,3.5,0.56,3.4,0.8,1.3,0,0,0,8.4,0.3,5,0,13.8,8.4,8.4,2.6,,,,,,,,,,,,,,,,16.4,16.4,,,,,,,,,,,,0,,0,,129,,,,0.013,,25.8,0.03,0,11,0.005,,3.8,,134,175,2.5,60,,,0.4,20,0,325,0,325,74,,,,0.045,0.241,0,0.76,0.76,0.38,0,,0.4,3,0,3,3,0,0,0,0.02,0,0.08,0,,0,,0,,0,,0,0.14,0.08,0.04,0.1,,0.11,,0.34,0.03,1,0.02,0.31,,0.01,,0,,0,2.2,,0.03,,0.04,0,0.66,,0,,0,,0,0.73,,,,0.08,0.02,,0,,,,0,,0,3.17,,,0,3.17,,0,0,,0,,0,0.11,3.17,,82.42,0,11,,,,,,,,,,,,,,,,,45,
F003441,19601,Recipe,"Custard, vanilla, prepared from dry mix",480,479,88.1,4,0.63,4.1,0.9,0,0,,,,,,,10.8,4.2,4.2,4.8,,,,,,,,,,,,,,,,15.6,15.6,,,,,,,,,,,,,,,,129,,,,,,26.5,0.07,,12,,,,,109,174,1.5,66,,,0.4,50,,21,,21,54,,,,0.022,0.222,0.33,0.68,1.02,,0.02,,0.2,4,0,4,4,0,0,0,0.02,0,0.09,0.1,,,,,,,,0.11,,,,,,,,,,,,,,,,,,,2.78,,,,,,,,,,,,,0.92,,,,0.08,0.02,,,,,,,,,,,,,0.37,,0.97,,,,,0,0.11,1.342,,120.72,0,12,,,,,,,,,,,,,,,,,40,
F009694,19201,Analysed,"Yoghurt, natural, regular fat (~3%)",318,317,84.6,5.3,0.83,3.3,1.1,0.1,0,0,0,0,0,5.1,0,5.1,0,0,0.1,,,,,,,,,,,,,,,,5.2,5.2,0,0.2,,1.2,0,,,0,,,,0,,0,0,182,0,,,0.006,,25,0,0,16,0.004,,5.6,,156,239,2.5,60,,,0.59,47,0,30,0,30,52,,,,0.021,0.229,0,1.19,1.19,0.37,0.03,,0.5,26,0,26,26,0,0.02,0,0,0,0.02,0,,0,,0,,0,,0,0.08,0.06,0.04,0.09,,0.12,,0.39,0.04,1.05,0.02,0.36,,0.01,,0,,0,2.26,,0.03,,0.06,0,0.62,,0,,0,,0,0.72,,,,0.06,0.02,,0,,,,0,,0,0,,,0,0,,0,0,,0,,0,0.08,0,,62.9,0,16,,,,,,,,,,,,,,,,,70,
F009919,19201,Analysed,"Yoghurt, natural, sheep's milk",408,408,88,6.1,0.97,6.8,0.9,0,0,0,0,0,0,2.3,,2.3,0,0,0,,,,,,,,,,,,,,,,2.3,2.3,0,0.2,,1,0,,0,0,,,,0,,0,,198,,,,0.017,,46.8,0,0,20,0.008,,3.7,,166,125,1.7,51,,,0.57,31,0,0,,0,31,,,,0.042,0.364,0.42,1.58,2,0.23,0.02,,0.5,22,0,22,22,0,0,0,0.02,0,0.09,0.1,,0,,0,,0,,0.1,0.32,0.25,0.22,0.62,,0.34,,0.71,0.08,1.51,0.05,0.61,,0.01,,0.01,,0,4.75,,0.01,,0.06,0,1.07,,0,,0,0,0,1.14,,,,0.13,0.08,,0,,0,,0,,0,0,,,6.39,6.39,,12.78,0,,0,,0,0.24,19.165,,210.81,0,17,,,,,,,,,,,,,,,,,93,
F009811,19203,Analysed,"Yoghurt, flavoured, high fat (~5%)",502,497,77.2,4.6,0.72,5.1,0.9,0.6,0,0.5,0.5,7.9,0,4,,13,7.4,7.4,0.4,,,,,,,,,,,,,,,,13.4,13.4,0,0.2,,0.9,0,,0,0,,,,0,,0,,156,,,,0.009,,27,0,0,14,0.026,,5,,146,198,1.1,49,,,0.46,63,0,77,0,77,76,,,,0.031,0.198,0,1.01,1.01,0.32,0.05,,0.2,62,0,62,62,0,0.02,0,0,0,0.02,0.2,,0,,0,,0,,0.21,0.17,0.12,0.07,0.18,,0.21,,0.62,0.07,1.45,0.04,0.51,,0,,0,,0,3.46,,0.05,,0.1,0,0.89,,0,,0,0,0,1.04,,,,0.1,0.03,,0,,0,,0,,0,0,,,0,0,,0,0,,0,,0,0.13,0,,134.84,0,21,,,,,,,,,,,,,,,,,59,
F009608,19204,Analysed,"Yoghurt, apricot pieces or flavoured, regular fat (~3%)",402,401,80.4,4.4,0.69,3.3,1,0.1,0,0,0.7,7,0,3.8,0,11.5,6.6,6.6,0,,,,,,,,,,,,,,,,11.5,11.5,,,,1.4,,,,,,,,,,0,0,114,0.9,,,0,,17.4,0.19,0,14,0.01,0,5.7,0,114,229,1.5,68,,,0.53,27,0,68,0,68,38,,,,0.094,0.229,0,0.9,0.9,,0.03,,0.4,7,0,7,7,0,0,0,0,0,0,0,,,,,,,,0,0.13,0.08,0.04,0.09,,0.11,0,0.35,0.04,0.96,0.02,0.29,0,0.01,,0,,0,2.11,,0.04,0,0.05,0.01,0.68,,0.01,,0,,,0.79,,,,0.07,0.03,,,,26.84,,,,,,,,,3.1,,3.1,,,,,0,0.13,6.195,0,61.95,0,8,,,,,,,,,,,,,,,,,53,
F009741,19204,Analysed,"Yoghurt, strawberry pieces or flavoured, regular fat (~3%)",421,420,80.4,5.1,0.76,3.2,1,0.1,0,0.4,0.7,6.2,0,4.1,0.6,12.1,7.3,7.3,0,,,,,,,,,,,,,,,,12.1,12.1,,,,1.4,,,,,,,,,0,0.3,0,165,0.4,,,0.008,,20.3,0.12,0,16,0.036,0,5.7,0,130,222,1.2,63,,0.5,0.5,29,0,13,0,13,31,,,,0.062,0.281,0.31,1.04,1.36,,0.03,,0.4,7,0,7,7,0,0,0,0,0,0,0,,,,,,,,0,0.13,0.08,0.04,0.09,,0.1,0,0.34,0.03,0.94,0.02,0.28,0,0.01,,0,,0,2.08,,0.04,0,0.05,0.01,0.67,,0.01,,0,,,0.78,,,,0.06,0.03,,,,26.42,,,,,,,,,3.05,,3.05,,,,,0,0.13,6.096,0,60.96,0,10,,,,,,,,,,,,,,,,,62,
F009810,19204,Analysed,"Yoghurt, flavoured, low fat (~2%)",355,352,80.6,4.8,0.75,1.4,1.1,0.3,0,0.9,0.8,5.6,0,4.4,,11.8,6.1,6.1,0.9,,,,,,,,,,,,,,,,12.7,12.7,0,0.4,,0.9,0,,0,0,,,,0,,0,,166,,,,0.008,,28.1,0,0,14,0.014,,4.4,,125,218,2,62,,,0.46,21,0,16,0,16,23,,,,0.031,0.208,0,0.92,0.92,0.4,0.04,,0.2,46,0,46,46,0,0,0,0,0,0,0,,0,,0,,0,,0,0.04,0.04,0.02,0.05,,0.06,,0.16,0.02,0.4,0.01,0.14,,0,,0,,0,0.93,,0.01,,0.02,0,0.23,,0,,0,0,0,0.27,,,,0.03,0.01,,0,,0,,0,,0,0,,,0,0,,0,0,,0,,0,0.03,0,,31.94,0,10,,,,,,,,,,,,,,,,,54,
F009749,19204,Analysed,"Yoghurt, vanilla flavoured (~2%)",425,423,79.4,5.2,0.82,2,1,0.2,0,0.5,0,7.4,0,4.6,1.5,14,7.3,7.3,1,,,,,,,,,,,,,,,,15,15,0,0.3,,1.1,0,,,0,,,,0,,0,0,177,0,,,0.007,,26,0,0,16,0.005,,4.4,,135,239,2.2,54,,,0.59,29,0,60,0,60,39,,,,0.052,0.208,0,1.07,1.07,0.29,0.03,,0.4,7,0,7,7,0,0,0,0,0,0,0,,0,,0,,0,,0,0.05,0.04,0.03,0.06,,0.07,,0.22,0.02,0.62,0.01,0.2,,0,,0,,0,1.33,,0.02,,0.04,0,0.35,,0,,0,,0,0.41,,,,0.03,0.03,,0,,,,0,,0,0,,,0,0,,1.87,0,,0,,0,0.06,1.867,,3.73,0,9,,,,,,,,,,,,,,,,,63,
F009809,19208,Analysed,"Yoghurt, flavoured, low fat (0.2%), intense sweetened, increased protein",236,233,87.8,10,1.56,0.3,0.7,0.4,0,0,1.2,0,0,0.4,,1.7,0,0,0.7,,,,,,,,,,,,,,,,2.4,2.4,0,0.2,,0.7,0,,0,0,,,,0,,0,,114,,,,0.014,,23.9,0,0,10,0.018,,3.6,,135,146,3.1,36,,,0.46,0,0,0,0,0,0,,,,0.021,0.208,0,2.12,2.12,0.28,0.04,,0.3,52,0,52,52,0,0,0,0,0,0,0,,0,,0,,0,,0,0.01,0.01,0,0.01,,0.01,,0.04,0,0.09,0,0.03,,0,,0,,0,0.21,,0,,0,0,0.05,,0,,0,0,0,0.06,,,,0.01,0,,0,,0,,0,,0,0,,,0,0,,0,0,,0,,0,0.01,0,,7.37,0,5,,,,,,,,,,,,,,,,,125,
F009752,19205,Analysed,"Yoghurt, vanilla flavoured, low fat (<0.5%)",383,381,82.2,6.1,0.95,0.5,1,0.2,0,1,1.9,5.2,0,3.4,1.6,13.2,7.4,7.4,1.2,,,,,,,,,,,,,,,,14.5,14.5,,,,1.7,,,,,,,,,,,,174,,,,0.01,,17.7,0.1,,18,0.01,,,,152,251,2.2,69,,,0.73,0,,0,,0,0,,,,0.031,0.416,0.62,1.26,1.88,,0.03,,0.4,7,0,7,7,0,0,0,0,0,0,0,,,,,,,,0,0.01,0.01,0.01,0.02,,0.02,,0.06,0.01,0.16,0,0.05,,0,,0,,0,0.35,,0,,0.01,0,0.09,,0,,0,,0,0.11,,,,0.01,0.01,,0,,,,0,,0,0,,,0,0.24,,0.49,0,,0,,0,0.02,0.737,,0.98,0,6,,,,,,,,,,,,,,,,,74,
F009797,20502,Analysed,"Yoghurt, almond based, flavoured",399,384,84.6,2.7,0.43,4.7,0.4,1.9,0,0.4,0.5,4.5,0.3,0,,5.7,5.4,5.7,3.8,,,,,,,,,,,,,,,,9.6,9.6,0,0,,0.5,0,,0,0,,,,0,,0,,35,,,,0.096,,1.4,0.4,0,31,0.302,,1.9,,54,85,0,5,,,0.29,0,0,0,0,0,0,,,,0.021,0.083,0,0.35,0.35,0,0.03,,0,0,0,0,0,0,0,0,0,0,0,2.2,,0,,0,,0,,2.18,0,0,0.01,0,,0.04,,0.02,0,0.29,0,0.06,,0,,0,,0,0.42,,0,,0.02,0,2.86,,0,,0,0,0,2.88,,,,1.02,0,,0,,0,,0,,0,0,,,0,0,,0,0,,0,,0,1.02,0,,0,0,0,,,,,,,,,,,,,,,,,21,
F009798,20502,Analysed,"Yoghurt, coconut based, flavoured",540,529,80.9,1.1,0.18,9.4,0.5,1.4,0,0.4,0.8,3,0.6,0,,4.9,4.4,4.8,4.7,,,,,,,,,,,,,,,,9.6,9.6,0,0.1,,0.3,0,,0,0,,,,0,,0,,3,,,,0.125,,1.7,0.28,0,17,0.239,,2.7,,25,146,1.1,19,,,0.16,0,0,8,0,8,1,,,,0,0,0,0.11,0.11,0,0,,0,0,0,0,0,0,0,0,0,0,0,0,,0,,0,,0,,0,0,0.08,0.85,0.58,,4.37,,1.59,0,0.68,0,0.24,,0,,0,,0,8.39,,0,,0,0,0.43,,0,,0,0,0,0.43,,,,0.1,0,,0,,0,,0,,0,0,,,0,0,,0,0,,0,,0,0.1,0,,0,0,0,,,,,,,,,,,,,,,,,7,
F009738,20502,Analysed,"Yoghurt, soy based, berry flavoured, regular fat (~3%)",433,431,82.7,3.8,0.66,3.8,0.7,0.2,0,0.4,1.7,6.6,0,0,,8.7,7.7,7.7,4.4,,,,,,,,,,,,,,,,13.1,13.1,0,0,,0.6,0,,0,0,,,0,114.4,,,0,125,2.4,,,0.085,,2.4,0.61,,7,0.09,,5.2,,135,57,0,57,27,,0.16,0,0,0,,0,0,,,,0,0,0,0.87,0.87,0,0,,0,78,0,78,78,0,0,0,0,0,0,0,,0,,0.2,,0.5,,0.05,0,0,0.01,0.02,,0.02,,0.01,0,0.29,0,0.12,,0.02,,0.01,,0,0.51,,0,,0,0,1.56,,0.02,,0,,0,1.58,,,,1.12,0.32,,0,,,,0,,0,0,,,0,0,,0,0,,0,,0,1.45,0,,0,0,0,,,,,,,,,,,,,,,,,51,
F009739,20502,Analysed,"Yoghurt, soy based, vanilla flavoured, reduced fat (~1%)",321,320,84,3.8,0.66,0.8,0.7,0.2,0,0.4,1.7,6.6,0,0,,8.7,8.1,8.1,4.4,,,,,,,,,,,,,,,,13.1,13.1,0,0,,0.6,0,,0,0,,,0,114.4,,,0,125,2.4,,,0.085,,2.4,0.61,,7,0.09,,5.2,,135,57,0,57,27,,0.16,0,0,0,,0,0,,,,0,0,0,0.87,0.87,0,0,,0,78,0,78,78,0,0,0,0,0,0,0,,0,,0.2,,0.5,,0.05,0,0,0,0,,0,,0,0,0.06,0,0.03,,0,,0,,0,0.11,,0,,0,0,0.34,,0,,0,,0,0.34,,,,0.24,0.07,,0,,,,0,,0,0,,,0,0,,0,0,,0,,0,0.31,0,,0,0,0,,,,,,,,,,,,,,,,,51,
F003488,19701,Analysed,"Dairy or yoghurt dessert, chocolate, regular fat",492,480,75.7,2.8,0.83,4.7,1,1.4,0,0,0,8.5,0,3.6,0,12.1,8.9,8.9,3.1,,,,,,,,,,,,,,,,15.2,15.2,0.2,0,,0.7,0,,0,0,,,,,,,,125,,,,0.06,,13.5,0.55,,17,0.064,,,,125,239,1.3,35,,,0.5,5,,16,,16,8,,,,0,0.229,0,0.56,0.56,,0,,0,0,0,0,0,0,0,0,0,0,0,0.1,,,,,,,,0.09,0.27,0.15,0.08,0.16,,0.19,,0.51,0.05,1.36,0.03,0.46,,0,,0,,0,3.26,,0.04,,0.08,0,0.79,,0,,0,,0,0.92,,,,0.08,0.02,,0,,,,0,,0,0.55,,,3.32,0.55,,0,0,,0,,0,0.1,0.553,,93.32,2,11,,,,,,,,,,,,,,,,,33,
F009825,20105,Analysed,"Almond beverage, added sugar, unfortified",120,115,99.2,0.5,0.1,1.5,0.3,0.6,0,0,0,2.3,0,0,,2.3,2.3,2.3,0.8,,,,,,,,,,,,,,,,3.2,3.2,0,0,,0,0,,0,0,,,,0,,0,0,3,0,,,0.04,,1.2,0,0,6,0.028,,1.6,,12,32,0,56,,,0.05,0,0,0,,0,0,,,,0,0.021,0,0.1,0.1,0,0,,0,0,0,0,0,0,0,0,0,0,0,0.5,,0,,0,,0,,0.52,0,0,0,0,,0,,0,0,0.09,0,0.03,,0,,0,,0,0.12,,0,,0.01,0,0.83,,0,,0,,0,0.83,,,,0.41,0,,0,,,,0,,0,0,,,0,0,,0,0,,0,,0,0.41,0,,22.48,0,0,,,,,,,,,,,,,,,,,6,
F009824,20105,Analysed,"Almond beverage, no added sugar, unfortified",68,64,102.4,0.5,0.1,1.5,0.2,0.5,0,0,0,0,0,0,,0,0,0,0,,,,,,,,,,,,,,,,0,0,0,0,,0,0,,0,0,,,,0,,0,0,7,0,,,0.026,,1.2,0,0,6,0.029,,0,,15,20,0,42,,,0.08,0,0,0,,0,0,,,,0,0.021,0,0.1,0.1,0,0,,0,0,0,0,0,0,0,0,0,0,0,0.5,,0,,0,,0,,0.52,0,0,0,0,,0,,0,0,0.09,0,0.04,,0,,0,,0,0.13,,0,,0.01,0,0.9,,0,,0,,0,0.91,,,,0.33,0,,0,,,,0,,0,0,,,0,0,,0,0,,0,,0,0.33,0,,22.48,0,0,,,,,,,,,,,,,,,,,6,
F009827,20106,Analysed,"Almond beverage, added sugar & Ca",120,115,99.2,0.5,0.1,1.5,0.3,0.6,0,0,0,2.3,0,0,,2.3,2.3,2.3,0.8,,,,,,,,,,,,,,,,3.2,3.2,0,0,,0,0,,0,0,,,,0,,0,0,71,0,,,0.022,,1.2,0,0,5,0.041,,0.7,,42,17,0,45,,,0.04,0,0,0,,0,0,,,,0,0.021,0,0.1,0.1,0,0,,0,0,0,0,0,0,0,0,0,0,0,0.5,,0,,0,,0,,0.52,0,0,0,0,,0,,0,0,0.09,0,0.03,,0,,0,,0,0.12,,0,,0.01,0,0.83,,0,,0,,0,0.83,,,,0.41,0,,0,,,,0,,0,0,,,0,0,,0,0,,0,,0,0.41,0,,22.48,0,0,,,,,,,,,,,,,,,,,6,
F009826,20106,Analysed,"Almond beverage, no added sugar, added Ca",68,64,102.4,0.5,0.1,1.5,0.2,0.5,0,0,0,0,0,0,,0,0,0,0,,,,,,,,,,,,,,,,0,0,0,0,,0,0,,0,0,,,,0,,0,0,69,0,,,0.022,,1.2,0,0,8,0.044,,0,,17,20,0,45,,,0.07,0,0,0,,0,0,,,,0,0.021,0,0.1,0.1,0,0,,0,0,0,0,0,0,0,0,0,0,0,0.5,,0,,0,,0,,0.52,0,0,0,0,,0,,0,0,0.09,0,0.04,,0,,0,,0,0.13,,0,,0.01,0,0.9,,0,,0,,0,0.91,,,,0.33,0,,0,,,,0,,0,0,,,0,0,,0,0,,0,,0,0.33,0,,22.48,0,0,,,,,,,,,,,,,,,,,6,
F009828,20106,Analysed,"Almond beverage, added sugar & vitamins B1, B2, B12, C & Ca",120,115,99.2,0.5,0.1,1.5,0.3,0.6,0,0,0,2.3,0,0,,2.3,2.3,2.3,0.8,,,,,,,,,,,,,,,,3.2,3.2,0,0,,0,0,,0,0,,,,0,,0,0,126,0,,,0.027,,1.2,0,0,9,0.07,,0,,78,20,0,35,,,0.07,0,0,0,,0,0,,,,0.042,0.294,0,0.1,0.1,0,0,,0.4,0,0,0,0,0,0,0,0,0,0,0.5,,0,,0,,0,,0.52,0,0,0,0,,0,,0,0,0.09,0,0.03,,0,,0,,0,0.12,,0,,0.01,0,0.83,,0,,0,,0,0.83,,,,0.41,0,,0,,,,0,,0,0,,,0,0,,0,0,,0,,0,0.41,0,,22.48,0,0,,,,,,,,,,,,,,,,,6,
F009812,20105,Analysed,"Coconut beverage, unfortified",109,109,100.6,0.2,0.03,1.8,0.2,0,0,0,0,0.2,0.8,0,,1,0,0,1.4,,,,,,,,,,,,,,,,2.5,2.5,,,,,,,,,,,,0,,0.8,0,1,1.6,,,0.02,,1.3,0,0,4,0.044,,2,,10,31,0,49,,,0.03,0,0,0,,0,0,,,,0,0,0,0,0,0,0,,0,20,0,20,20,0,0,0,0,0,0,0,,0,,0,,0,,0,0,0.03,0.19,0.1,,0.72,,0.3,0,0.13,0,0.06,,0,,0,,0,1.52,,0,,0,0,0.09,,0,,,,0,0.09,,,,0.03,0,,0,,,,0,,0,0,,,0,0,,0,0,,0,,0,0.03,0,,0,0,0,,,,,,,,,,,,,,,,,0,
F009813,20106,Analysed,"Coconut beverage, added Ca",109,109,100.6,0.2,0.03,1.8,0.2,0,0,0,0,0.2,0.8,0,,1,0,0,1.4,,,,,,,,,,,,,,,,2.5,2.5,,,,,,,,,,,,0,,0,0,93,1,,,0.023,,1.3,0,0,4,0.065,,0,,52,26,0,18,,,0.04,0,0,0,,0,0,,,,0,0,0,0,0,0,0,,0,20,0,20,20,0,0,0,0,0,0,0,,0,,0,,0,,0,0,0.03,0.19,0.1,,0.72,,0.3,0,0.13,0,0.06,,0,,0,,0,1.52,,0,,0,0,0.09,,0,,,,0,0.09,,,,0.03,0,,0,,,,0,,0,0,,,0,0,,0,0,,0,,0,0.03,0,,0,0,0,,,,,,,,,,,,,,,,,0,
F006132,20103,Analysed,"Oat beverage, fluid, unfortified",236,233,90.9,1.4,0.23,0.8,0.4,0.3,0,0,1.6,0,1.7,0,,3.2,0,0,7.4,,,,,,,,,,,,,,,,10.7,10.7,,,,,,,,,,,,0,,0,0,19,0,,,0.044,,1.3,0,0,7,0.178,,10.4,,27,49,0,40,,,0.08,0,0,0,0,0,0,,,,0.074,0,0,0.27,0.27,0,0,,0,0,0,0,0,0,0,0,0,0,0,0,,0,,0,,0,,0,0,0,0,0,,0.01,,0.01,0,0.12,0,0.02,,0,,0,,0,0.17,,0,,0,0,0.36,,0,,0,,0,0.37,,,,0.24,0.01,,0,,,,0,,0,0,,,0,0,,0,0,,0,,0,0.24,0,,0,0,0,,,,,,,,,,,,,,,,,16,
F006131,20104,Analysed,"Oat beverage, fluid, added Ca",236,233,90.9,1.4,0.23,0.8,0.4,0.3,0,0,1.6,0,1.7,0,,3.2,0,0,7.4,,,,,,,,,,,,,,,,10.7,10.7,,,,,,,,,,,,0,,0,0,116,0,,,0.044,,1.3,0,0,7,0.178,,10.4,,87,49,0,40,,,0.08,0,0,0,0,0,0,,,,0.074,0,0,0.27,0.27,0,0,,0,0,0,0,0,0,0,0,0,0,0,0,,0,,0,,0,,0,0,0,0,0,,0.01,,0.01,0,0.12,0,0.02,,0,,0,,0,0.17,,0,,0,0,0.36,,0,,0,,0,0.37,,,,0.24,0.01,,0,,,,0,,0,0,,,0,0,,0,0,,0,,0,0.24,0,,0,0,0,,,,,,,,,,,,,,,,,16,
F011006,20104,Analysed,"Oat beverage, fluid, added calcium & vitamins",181,177,93.1,0.5,0.16,1.7,0.6,0.5,0,0,0.2,0,1.5,0,,1.7,0,0,4.5,,,,,,,,,,,,,,,,6.2,6.2,,,,,,,,,,,,0,,0,0,72,0,,,0.044,,1.3,0,0,7,0.178,,10.4,,73,165,0,48,,,0.08,59,0,0,0,0,59,,,,0.074,0.326,0,0.1,0.1,0,0,,0.6,0,0,0,0,0,0,1.83,0,0,1.83,0,,0,,0,,0,,0,0,0,0,0,,0.02,,0.01,0,0.26,0,0.04,,0,,0,,0,0.35,,0,,0,0,0.75,,0.01,,0,,0,0.76,,,,0.49,0.01,,0,,,,0,,0,0,,,0,0,,0,0,,0,,0,0.5,0,,0,0,0,,,,,,,,,,,,,,,,,6,
F009980,20103,Label Data,"Rice beverage, unfortified",207,207,95.2,0.6,0.1,1,0.4,0,0,,,,,,,3.2,0,0,6.2,,,,,,,,,,,,,,,,9.4,9.4,0,0,,0,0,,,0,,,,68.2,,2,0,2,,,,0.01,,5.4,0.21,,10,0.091,,,,19,23,0,68,,,0.07,0,0,0,,0,0,,,,0.021,0,0,0.22,0.22,0,0,,0,0,0,0,0,0,0,0,0,0,0,0.3,,0,,0,,0,,0.32,0,0,0,0,,0,,0,0,0.11,0,0.04,,0.01,,0.01,,0,0.17,,0,,0,0,0.49,,0,,0,,0,0.49,,,,0.32,0.01,,0,,,,0,,0,0,,,0,0,,0,0,,0,,0,0.33,0,,13.05,0,0,,,,,,,,,,,,,,,,,13,
F007632,20104,Analysed,"Rice beverage, fluid, added calcium",268,268,91.7,0.3,0.05,1,0.4,0,0,0,0.5,0,3.4,0,,3.9,0,0,9.4,,,,,,,,,,,,,,,,13.4,13.4,0,0,,0,0,,,0,,,,68.2,,2,0,74,,,,0.01,,5.4,0.21,,10,0.091,,,,19,23,0,65,,,0.07,0,0,0,,0,0,,,,0.021,0,0,0.11,0.11,0,0,,0,0,0,0,0,0,0,0,0,0,0,0.3,,0,,0,,0,,0.32,0,0,0,0,,0,,0,0,0.11,0,0.04,,0.01,,0.01,,0,0.17,,0,,0,0,0.49,,0,,0,,0,0.49,,,,0.32,0.01,,0,,,,0,,0,0,,,0,0,,0,0,,0,,0,0.33,0,,13.05,0,0,,,,,,,,,,,,,,,,,7,
F008721,20101,Analysed,"Soy beverage, regular fat (~3%), unfortified",253,248,90,3.8,0.67,2.8,0.6,0.6,0,0,0.1,1.2,1.3,0,,2.7,1.8,1.8,0.8,,,,,,,,,,,,0.9,0.3,,,4.8,4.8,0,0.1,,0,0,,,0,,,,77.2,,0.4,0.4,13,0.5,84,,0.07,35.02,1.4,0.48,0.5,22,0.09,0.5,4.2,20,71,197,0.7,45,23,,0.16,0,0,0,0,0,0,,,,0.021,0.031,0,0.74,0.74,0,0.03,2.3,0,14,0,14,14,0,0,0,0,0,0,1.1,,0,,0,,0.2,,1.15,0,0,0,0,,0,,0,0,0.24,0,0.17,,0,,0.02,,0.01,0.44,,0,,0,0,0.57,,0,,0,,0,0.57,,,,1.49,0.04,,0,,,,0,,0,0,,,0,0,,0,0,,0,,0,1.54,0,,23.03,0,0,,,,,,,,,,,,,,,,,44,
F008719,20102,Analysed,"Soy beverage, regular fat (~3%), added Ca",253,248,90,3.8,0.67,2.8,0.6,0.6,0,0,0.1,1.2,1.3,0,,2.7,1.8,1.8,0.8,,,,,,,,,,,,0.9,0.3,,,4.8,4.8,0,0.1,,0,0,,,0,,,,77.2,,0.4,0.4,118,0.5,84,,0.07,35.02,1.4,0.48,0.5,22,0.09,0.5,4.2,20,71,197,0.7,45,23,,0.16,0,0,0,0,0,0,,,,0.021,0.031,0,0.74,0.74,0,0.03,2.3,0,14,0,14,14,0,0,0,0,0,0,1.1,,0,,0,,0.2,,1.15,0,0,0,0,,0,,0,0,0.24,0,0.17,,0,,0.02,,0.01,0.44,,0,,0,0,0.57,,0,,0,,0,0.57,,,,1.49,0.04,,0,,,,0,,0,0,,,0,0,,0,0,,0,,0,1.54,0,,23.03,0,0,,,,,,,,,,,,,,,,,44,
F008720,20102,Analysed,"Soy beverage, regular fat (~3%), added Ca & vitamins A, B1, B2 & B12",265,260,90,4.5,0.73,2.8,0.6,0.6,0,0,0.1,1.2,1.3,0,,2.7,1.8,1.8,0.8,,,,,,,,,,,,0.9,0.3,,,4.8,4.8,0,0.1,,0,0,,,0,,,,77.2,,0.4,0.4,118,0.5,84,,0.07,35.02,1.4,0.48,0.5,22,0.09,0.5,4.2,20,71,197,0.7,45,23,,0.16,82,0,0,0,0,82,,,,0.041,0.422,0,0.88,0.88,0,0,2.3,0.9,14,0,14,14,0,0,0,0,0,0,1.1,,0,,0,,0.2,,1.15,0,0,0,0,,0,,0,0,0.24,0,0.17,,0,,0.02,,0.01,0.44,,0,,0,0,0.57,,0,,0,,0,0.57,,,,1.49,0.04,,0,,,,0,,0,0,,,0,0,,0,0,,0,,0,1.54,0,,23.03,0,0,,,,,,,,,,,,,,,,,52,
F008704,20102,Analysed,"Soy beverage, reduced fat (~1%), added Ca & vitamins A, B1, B2 & B12",192,188,90.8,3.1,0.54,0.9,0.9,0.6,0,0,0,1.8,0,0,0,1.8,1.1,1.1,2.9,,,,,,,,,,,,0.9,0.3,,,5.9,5.9,0,0.1,,0,0,,,0,,,,74.8,,0.5,0.5,118,0.6,84,,0.065,,1.4,0.48,0.5,13,0.085,0.5,4.2,20,73,194,0.7,46,,,0.14,82,0,0,,0,82,,,,0.041,0.422,0,0.6,0.6,0,0.03,,0.9,14,0,14,14,0,0,1.79,0,0,1.79,1.1,,0,,0,,0.2,,1.15,0,0,0,0,,0,,0,0,0.08,0,0.06,,0,,0,,0,0.15,,0,,0,0,0.19,,0,,0,,0,0.19,,,,0.5,0.01,,0,,,,0,,0,0,,,0,0,,0,0,,0,,0,0.51,0,,7.68,0,0,,,,,,,,,,,,,,,,,36,
F008513,21301,Analysed,"Soup, chicken & noodle, cup of soup, prepared from instant dry mix with water",80,77,95.6,0.7,0.12,0.2,1.1,0.3,0,0,0,0.3,0,0,0,0.4,0.1,0.1,3.1,,,,,,,,,,,,,,,,3.5,3.5,,,,,,,,,,,,,,,,5,,636,,0,2.02,5.8,0.1,,4,0.05,,,,7,11,0,444,7,,0,0,0,0,0,0,0,,,,0.05,0,0,0.12,0.12,0,0.01,0.5,0,1,0,1,1,0,0,0,0,0,0,0,,,,,,,,0.02,,,,0,,0,,,0,0.06,0,0.01,,0,,0,,0,0.07,,,0,0,0,0.06,,0,,0,,,0.07,,,,0.03,0,,,,,,,,0,,,,0,0,,0,,,,,0,0.03,0,,3.1,0,1,,,,,,,,,,,,,,,,,7,
F006154,14402,Borrowed,"Oil, almond",3404,3404,0,0,0,92,0,0,0,,,,,,,0,0,0,0,,,,,,,,,,,,,,,,0,0,,,,,,,,,,,,,,,,0,,,,,,0,0,,0,,,,,0,0,0,0,,,0,0,,0,,0,0,,,,0,0,0,0,0,,0,,0,0,0,0,0,0,0,0,0,0,0,24.5,,,,,,,,24.47,,,,0,,0,,0,0,5.28,0.09,0.09,,0,,0,,0.09,5.54,,,0,0.26,0,59.54,,0.09,,0.09,,,59.98,,,,22.34,0,,,,,,,,0,,,,0,0,,0,,,,,0,22.34,0,,1605.12,0,0,,,,,,,,,,,,,,,,,0,
F010968,14402,Borrowed,"Oil, avocado",3404,3404,0,0,0,92,0,0,0,0,0,0,0,0,,0,0,0,0,,,,,,,,,,,,,,,,0,0,,,,,,,,,,,,,,,,0,,,,0,,0.5,0,,0,0,,,,0,0,0,0,,,0,0,0,0,,0,0,,,,0,0,0,0,0,0,0,,0,0,0,0,0,0,0,0,0,0,0,15.3,,6.8,,0,,0.6,,18.74,0,0,0,0,,0,,0,0,13.1,0,0.35,,0,,0,,0,13.46,,0,,4.48,0,60.07,,0.18,,0,,0,64.73,,,,8.97,0.53,,0,,,,0,,0,0,,,0,0,,0,0,,0,,0,9.5,0,,0,0,0,,,,,,,,,,,,,,,,,0,
F006159,14402,Analysed,"Oil, canola",3404,3404,0,0,0,92,0,0,0,0,0,0,0,0,0,0,0,0,0,,,,,,,,,,,,,,,,0,0,,,,,,,,,,,,62.6,,0,0,1,6.9,4,,0,8.28,0,0,0,0,0,0,0,4,0,0,0,0,2,,0.04,0,0,0,0,0,0,,,,0,0,0,0,0,0,0,0,0,0,0,0,0,0,0,0,0,0,0,16.2,,9.4,,0.3,,32,,24.13,0,0,0.02,0,0,0.14,0,0.19,0,3.9,0,1.81,,0.43,0,0.16,0,0.07,6.71,,0.06,0,0.11,0.02,53.32,,0.9,,0,,0.2,54.61,,,,17.61,8.37,,236.74,,,,0,,0,0,,,0,0,,0,0,,0,,0,26.22,0,,26.38,0,0,,,,,,,,,,,,,,,,,0,
F006163,14502,Borrowed,"Oil, coconut",3390,3390,0.7,0,0,91.6,0,0,0,0,0,0,0,0,,0,0,0,0,,,,,,,,,,,,,,,,0,0,,,,,,,,,,,,,,,,0,,,,0,,0,0,,0,10.109,,,,0,0,0,0,,,0,0,0,0,,0,0,,,,0,0,0,0,0,,0,,0,0,0,0,0,0,0,0,0,0,0,0,,0.2,,0,,0,,0.11,,0.64,7.77,5.43,,42.31,,15.51,,6.19,0.03,2.22,,0.04,,0,,0.03,80.18,,0,,0.01,0,3.82,,0.02,,0,,0,3.85,,,,0.71,0,,0,,,,0,,0,0,,,0,0,,0,,,0,,0,0.71,0,,0,0,0,,,,,,,,,,,,,,,,,0,
F006165,14502,Analysed,"Oil, copha",3404,3404,0,0.2,0.03,91.9,0,0,0,0,0,0,0,0,0,0,0,0,0,,,,,,,,,,,,,,,,0,0,,,,,,,,,,,,,,,,0,,0,,0,0.02,0,0,,0,0,,,,0,1,0,1,0,,0,0,0,0,0,0,0,,,,0,0,0,0,0,0,0,0,0,0,0,0,0,0,0,0,0,0,0,0,,,,,,,,0,,0.61,6.93,5.45,,40.86,,14.8,0,7.88,0,8.48,,0,,0,,0,85.02,,0,0,0,0,1.3,,0,,0,,,1.3,,,,0.26,0,,,,,,,,0,,,,0,0,,0,,,,,0,0.26,0,,25.97,0,0,,,,,,,,,,,,,,,,,0,
F006166,14401,Borrowed,"Oil, cottonseed",3404,3404,0,0,0,92,0,0,0,,,,,,,0,0,0,0,,,,,,,,,,,,,,,,0,0,,,,,,,,,,,,,,,,0,,,,,,0,0,,0,,,,,0,0,0,0,,,0,0,0,0,,0,0,,,,0,0,0,0,0,,0,,0,0,0,0,0,0,0,0,0,0,0,32.5,,,,,,,,32.48,,,,,,,,,,,,,,,,,,,23.83,,,,,,,,,,,,,16.38,,,,47.38,0.18,,,,,,,,,,,,,0,,0,,,,,0,47.66,0,,1231.33,0,0,,,,,,,,,,,,,,,,,0,
F006167,14401,Analysed,"Oil, grapeseed",3404,3404,0,0,0,92,0,0,0,,,0,,,,0,0,0,0,,,,,,,,,,,,,,,,0,0,,,,,,,,,,,,,,,,0,,,,,,0,0,,0,,,,,0,0,0,0,,,0.01,0,,0,,0,0,,,,0,0,0,0,0,,0,,0,0,0,0,0,0,0,0,0,0,0,2.1,,,,,,,,2.12,0,0,0,0,,0,,0,0,6.68,0,3.61,,0.09,,0.09,,0,10.47,,0,,0.09,,18.21,,0.09,,0,,0,18.38,,,,58.66,0.26,,0,,,,0,,0,0,,,0,0,,0,0,,,,0,58.93,0,,1143.38,0,0,,,,,,,,,,,,,,,,,0,
F009855,14401,Borrowed,"Oil, hemp",3400,3400,0.1,0,0,91.9,0,0,0,0,0,0,0,0,,0,0,0,0,,,,,,,,,,,,,,,,0,0,,,,,,,,,,,,,,,,1,,,,0,,0,0,,1,0.084,,,,2,0,0,0,,,0,0,0,0,,0,0,,,,0,0,0,0,0,,0,,0,0,0,0,0,0,0,0,0,0,0,2.4,,0.4,,0,,10.1,,3.59,,0,0,0,,0,,0.02,,5.12,0.06,2.06,,0.69,,0.28,,0.11,8.36,,0,,0.08,0.01,9.4,,0.33,,0.03,,0.02,9.87,,,,50.43,15.9,,3215.82,,,,91.38,,0,0,,,0,0,,0,,,0,,0,69.64,0,,0,0,0,,,,,,,,,,,,,,,,,0,
F006168,14401,Borrowed,"Oil, linseed or flaxseed",3403,3403,0.1,0,0,92,0,0,0,,,,,,,0,0,0,0,,,,,,,,,,,,,,,,0,0,,,,,,,,,,,,,,,,1,,,,,,0,0,,0,,,,,1,0,0,0,,,0.06,0,0,0,,0,0,,,,0,0,0,0,0,,0,,0,0,0,0,0,0,0,0,0,0,0,0.4,,0.5,,1.5,,26.4,,3.33,,,,,,,,,,,,,,,,,,,8.28,,,,,,,,,,,,,17.02,,,,13.01,50.21,,,,,,,,,,,,,0,,0,,,,,0,63.37,0,,87.06,0,0,,,,,,,,,,,,,,,,,0,
F006169,14402,Imputed,"Oil, macadamia",3404,3404,0,0,0,92,0,0,0,,,,,,,0,0,0,0,,,,,,,,,,,,,,,,0,0,,,,,,,,,,,,,,,,0,,,,,,0,0,,0,,,,,0,0,0,0,,,0,0,,0,,0,0,,,,0,0,0,0,0,,0,,0,0,0,0,0,0,0,0,0,0,0,12.9,,,,,,,,12.88,,,,,,,,0.62,,7.3,,2.02,,1.76,,0.53,,0.26,12.49,,,,15.3,,57.26,,1.41,,0.18,,,74.14,,,,1.14,0,,,,,,,,,,,,,0,,0,,,,,0,1.14,0,,1143.38,0,0,,,,,,,,,,,,,,,,,0,
F006170,14401,Analysed,"Oil, maize",3404,3404,0,0,0,92,0,0,0,0,0,0,0,0,0,0,0,0,0,,,,,,,,,,,,,,,,0,0,,,,,,,,,,,,,,,,0,,2,,0.009,0,0,0.01,,0,0,,,,0,0,0,0,3,,0.01,0,0,0,0,0,0,,,,0,0,0,0,0,0,0,0,0,0,0,0,0,0,0,0,0,0,0,21.2,,,,1.8,,46,,25.76,0,0,0,0,,0,,0,0,9.85,0,1.76,,0.35,,0.18,,0,12.14,,0,0,0,0,24.98,,0.26,,0,,,25.24,,,,49.78,0.7,,,,,,,,0,,,,0,0,,0,,,,,0,50.48,0,,1143.38,0,0,,,,,,,,,,,,,,,,,0,
F006172,14402,Borrowed,"Oil, mustard seed",3404,3404,0,0,0,92,0,0,0,,,,,,,0,0,0,0,,,,,,,,,,,,,,,,0,0,,,,,,,,,,,,,,,,0,,,,,,0,0,,0,,,,,0,0,0,0,,,0,0,,0,,0,0,,,,0,0,0,0,0,,0,,0,0,0,0,0,0,0,0,0,0,0,12.9,,,,,,,,12.88,,,,,,,,,,,,,,,,,,,11.07,,,,,,,,,,,,,56.58,,,,14.66,5.64,,,,,,,,,,,,,0,,0,,,,,0,20.3,0,,1231.33,0,0,,,,,,,,,,,,,,,,,0,
F006177,14402,Analysed,"Oil, olive",3399,3399,0,0,0,91.9,0,0,0,0,0,0,0,0,,0,0,0,0,,,,,,,,,,,,,,,,0,0,,,,,,,,,,,,57.5,,0,0,0,8.3,0,,0,4.6,0,0,0,0,0,0,0,,1,0,0,0,2,,0,0,0,18,0,18,3,,,,0,0,0,0,0,0,0,0,0,0,0,0,0,0,0,0,0,0,0,15.3,,6.8,,0,,0.6,,18.74,0,0,0.01,0,0,0.06,0,0.07,0,10.93,0,2.73,,0.39,0,0.06,0,0.01,14.28,,0,0,0.93,0.03,63.32,,0.18,,0.07,,0.07,64.59,,,,7.9,0.49,,0,,,,0,,0,0,,,0,0,,0,0,,0,,0,8.39,0,,351.34,0,0,,,,,,,,,,,,,,,,,0,
F006181,14502,Borrowed,"Oil, palm",3404,3404,0,0,0,92,0,0,0,,,,,,,0,0,0,0,,,,,,,,,,,,,,,,0,0,,,,,,,,,,,,,,,,0,,,,,,0,0.01,,0,,,,,0,0,0,0,,,0,0,0,0,,0,0,,,,0,0,0,0,0,,0,,0,0,0,0,0,0,0,0,0,0,0,14.7,,,,,,,,14.66,,,,,,,,,,,,,,,,,,,45.36,,,,,,,,,,,,,34.04,,,,8.37,0.18,,,,,,,,,,,,,0,,0,,,,,0,8.56,0,,1319.28,0,0,,,,,,,,,,,,,,,,,0,
F006183,14402,Analysed,"Oil, peanut",3404,3404,0,0,0,92,0,0,0,0,0,0,0,0,0,0,0,0,0,,,,,,,,,,,,,,,,0,0,,,,,,,,,,,,,,,,0,,0,,0.092,0.09,0,0.09,,1,0.009,,,,3,0,0,0,3,,0.09,0,0,0,0,0,0,,,,0,0,0,0,0,0,0,0,0,0,0,0,0,0,0,0,0,0,0,11.9,,,,0.6,,8.3,,12.7,0,0,0,0,,0.04,,0.03,0,8.3,0.05,2.18,,1.06,,2.79,,1.51,15.97,,0,0,0.06,0.04,44.76,,1.33,,0.06,,0,46.26,,,,24.96,0.23,,0,,,,0,,0,0,,,0,0,,0,0,,0,,0,25.19,0,,1143.38,0,0,,,,,,,,,,,,,,,,,0,
F006185,14402,Analysed,"Oil, rice bran",3404,3404,0,0,0,92,0,0,0,0,0,0,0,0,0,0,0,0,0,,,,,,,,,,,,,,,,0,0,,,,,,,,,,,,,,,,0,,,,,,0,0.01,,0,,,,,0,0,0.3,0,,,0.01,0,,0,,0,0,,,,0,0,0,0,0,,0,,0,0,0,0,0,0,0,0,0,0,0,29.7,,,,,,,,29.72,0,0,0,0,,0,0,0.35,0,17.33,0.09,1.85,0,0.79,,0.26,,0.44,21.11,,0,0,0.18,0,35.8,,0.53,,0,,0,36.5,,,,29.11,1.06,,0,,0,,0,,0,0,,,0,0,,0,0,,,,0,30.17,0,,351.81,0,0,,,,,,,,,,,,,,,,,0,
F006186,14401,Analysed,"Oil, safflower",3404,3404,0,0,0,92,0,0,0,0,0,0,0,0,0,0,0,0,0,,,,,,,,,,,,,,,,0,0,,,,,,,,,,,,,,,,0,,0,,0,0.01,0,0,,0,0.092,,,,0,0,0,0,3,,0,0,0,0,0,0,0,,,,0,0,0,0,0,0,0,0,0,0,0,0,0,0,0,0,0,0,0,48.8,,,,0,,1.1,,48.87,0,0,0,0,,0,,0,0,5.98,0,2.2,,0.26,,0.18,,0,8.62,,0,0,0,0,12.31,,0.18,,0,,,12.49,,,,66.49,0.26,,,,,,,,0,,,,0,0,,0,,,,,0,66.76,0,,1143.38,0,0,,,,,,,,,,,,,,,,,0,
F006187,14401,Analysed,"Oil, sesame",3404,3404,0,0,0,92,0,0,0,,,0,,,,0,0,0,0,,,,,,,,,,,,,,,,0,0,,,,,,,,,,,,,,,,0,,,,,,0,0,,0,,,,,0,0,0,0,,,0.01,0,,0,,0,0,,,,0,0,0,0,0,,0,,0,0,0,0,0,0,0,0,0,0,0,2.1,,,,,,,,2.12,0,0,0,0,,0,,0,0,8.71,0,4.84,,0.35,,0.09,,0,13.98,,0,,0.09,,35.8,,0.18,,0,,0,36.06,,,,37.47,0.44,,0,,,,0,,0,0,,,0,0,,0,0,,,,0,37.91,0,,1143.38,0,0,,,,,,,,,,,,,,,,,0,
F006188,14401,Analysed,"Oil, soybean",3404,3404,0,0,0,92,0,0,0,0,0,0,0,0,0,0,0,0,0,,,,,,,,,,,,,,,,0,0,,,,,,,,,,,,,,,,0,,5,,0,0,0,0,,0,0,,,,0,0,0,0,0,,0,0,0,0,0,0,0,,,,0,0,0,0,0,0,0,0,0,0,0,0,0,0,0,0,0,0,0,8.3,,,,26.7,,48.8,,13.16,0,0,0,0,,0,,0.04,0,8.84,0,3.43,,0.35,,0.4,,0.09,13.15,,0,0,0,0,20.27,,0.22,,0,,0,20.49,,,,48.64,4.88,,0,,,,0,,0,0,,,0,0,,0,0,,0,,0,53.52,0,,1143.38,0,0,,,,,,,,,,,,,,,,,0,
F006189,14401,Analysed,"Oil, sunflower",3404,3404,0,0,0,92,0,0,0,0,0,0,0,0,0,0,0,0,0,,,,,,,,,,,,,,,,0,0,,,,,,,,,,,,,,,,0,,0,,0,0.01,0,0,,0,0,,,,0,0,0,0,3,,0.01,0,0,0,0,0,0,,,,0,0,0,0,0,0,0,0,0,0,0,0,0,0,0,0,0,0,0,51.5,,,,4,,0.9,,51.61,0,0,0,0,,0,,0.08,0,5.43,0.05,2.84,,0.21,,0.55,,0.18,9.35,,0,0,0.14,0,25.32,,0.14,,0,,0,25.6,,,,51.87,0.18,,0,,,,0,,0,0,,,0,0,,0,0,,0,,0,52.05,0,,1143.38,0,0,,,,,,,,,,,,,,,,,0,
F006156,14401,Analysed,"Oil, blend of polyunsaturated vegetable oils",3404,3404,0,0,0,92,0,0,0,0,0,0,0,0,0,0,0,0,0,,,,,,,,,,,,,,,,0,0,,,,,,,,,,,,,0,0.8,0,0,,4,,0.005,0,0,0.01,0,0,0,0,,,0,0,0,0,0,0,0.01,0,0,0,0,0,0,,,,0,0,0,0,0,0,0,0,0,0,0,0,0,0,0,0,0,0,0,12.9,,,,25.8,,47.8,,17.66,0,0,0,0,,0,,0,0,7.65,0,3.52,,0.44,,0.35,,0.09,12.05,,0,,0.09,0,29.99,,0.44,,0.18,,0,30.7,,,,37.2,6.68,,0,,,,0,,0,0,,,0,0,,0,0,,0,,0,43.89,0,,1055.42,0,0,,,,,,,,,,,,,,,,,0,
F006155,14402,Analysed,"Oil, blend of monounsaturated vegetable oils",3404,3404,0,0,0,92,0,0,0,0,0,0,0,0,0,0,0,0,0,,,,,,,,,,,,,,,,0,0,,,,,,,,,,,,,,,,0,,,,,,0,0.01,,0,,,,,0,0,0,0,,,0.01,0,,0,,0,0,,,,0,0,0,0,0,,0,,0,0,0,0,0,0,0,0,0,0,0,12.9,,,,,,,,12.88,0,0,0,0,,0,0,0,0,3.96,0.04,1.63,0,0.44,,0.18,,0.09,6.33,,0,0,0.18,0.04,51.94,,0.92,,0,,0.18,53.25,,,,17.99,9.1,,0,,43.98,,0,,0,0,,,0,0,,0,0,,,,0,27.13,0,,1231.33,0,0,,,,,,,,,,,,,,,,,0,
F006191,14401,Recipe,"Oil, vegetable",3404,3404,0,0,0,92,0,0,0,0,0,0,0,0,0,0,0,0,0,,,,,,,,,,,,,,,,0,0,,,,,,,,,,,,,,,,0,,,,,,0,0.01,,0,,,,,0,0,0,0,,,0.01,0,,0,,0,0,,,,0,0,0,0,0,,0,,0,0,0,0,0,0,0,0,0,0,0,12.9,,,,,,,,15.27,0,0,0,0,,0,,0,0,5.8,0.02,2.57,,0.44,,0.26,,0.09,9.19,,0,,0.13,0.02,40.96,,0.68,,0.09,,0.09,41.98,,,,27.59,7.89,,0,,,,0,,0,0,,,0,0,,0,0,,,,0,35.51,0,,1143.38,0,0,,,,,,,,,,,,,,,,,0,
F000124,16404,Analysed,"Apricot, canned in pear juice, juice only",196,196,91.2,0.5,0.08,0,0.5,0,0,4.3,2.3,2.5,0,0,,9.1,0,9.1,0,,,,,,,,,,,,,,1.9,,9.1,11,,0.2,,0,0.8,0,,0,,,,,,,,7,,,,,,0,0.42,,9,,,,,13,273,0,5,,,0.21,0,0,0,0,0,0,,,,0.021,0.021,0.63,0,0.63,,0,,0,46,0,46,46,5,0,0,0,0,0,0,,,,,,,,0.02,,,,,,,,,,,,,,,,,,,0,,,,,,,,,,,,,0,,,,0,0,,,,,,,,,,,,,0,,0,,,,,0,0,0,,0,0,0,,,,,,,,,,,,,,,,,0,
F002517,16404,Analysed,"Cherry, black, canned in syrup, syrup only",299,299,83,0.5,0.08,0,0.2,0,0,7,7.7,2,0,0,,16.6,16.6,16.6,0,,,,,,,,,,,,,,1.1,,16.6,17.8,,0,,0,0.6,0,,0,,,,,,,,6,,,,0,,1.1,1.25,,6,0.083,,,,9,125,0,3,,,0,0,0,0,0,0,0,,,,0,0,0,0,0,,0.05,,0,0,0,0,0,0,0,0,0,0,0,0,,,,,,,,0,,,,,,,,,,,,,,,,,,,0,,,,,,,,,,,,,0,,,,0,0,,,,,,,,,,,,,0,,0,,,,,0,0,0,,0,0,0,,,,,,,,,,,,,,,,,0,
F005292,16304,Analysed,"Mandarin, canned in syrup, syrup only",232,232,88,0.3,0.04,0,0.1,0,0,4.8,4.6,4.4,0,0,,13.7,13.7,13.7,0,,,,,,,,,,,,,,0,,13.7,13.7,,0.7,,0,0.1,0,,0,,,,,,,,5,,,,0,,0,0.31,,5,0,,,,6,75,0,4,,,0.1,0,0,0,0,0,0,,,,0,0,0,0,0,,0,,0,0,0,0,0,12,0,0,0,0,0,0,,,,,,,,0,,,,,,,,,,,,,,,,,,,0,,,,,,,,,,,,,0,,,,0,0,,,,,,,,,,,,,0,,0,,,,,0,0,0,,0,0,0,,,,,,,,,,,,,,,,,0,
F006555,16402,Analysed,"Peach, canned in pear juice, juice only",186,184,94.6,0.4,0.06,0,0.4,0.3,0,4.1,2.1,2.9,0,0,,9.1,0,9.1,0,,,,,,,,,,,,,,1.2,,9.1,10.3,,0.3,,0,0.7,0,,0.2,,,,,,,,4,3.3,,,,,0.8,0.43,,7,,,0,10,11,182,0,10,,,0.21,0,,0,,0,0,,,,0,0.021,0.32,0,0.32,,0.03,,0,47,0,47,47,12,0,0,0,0,0,0,,,,,,,,0.04,,,,,,,,,,,,,,,,,,,0,,,,,,,,,,,,,0,,,,0,0,,,,,,,,,,,,,0,,0,,,,,0,0,0,,0,0,0,,,,,,,,,,,,,,,,,0,
F006595,16104,Analysed,"Pear, canned in pear juice, juice only",198,196,94.4,0.3,0.04,0,0.4,0.2,0,7.1,1.6,0.7,0,0,,9.5,0,9.4,0,,,,,,,,,,,,,,2.3,,9.5,11.8,,0.2,,0,0.2,0,,0,,,,,,,,7,,,,,,0,0.32,,5,,,,,13,102,0,6,,,0.21,0,,22,,22,4,,,,0,0.011,0,0.03,0.03,,0,,0,47,0,47,47,1,0,0,0,0,0,0.2,,,,,,,,0.2,,,,,,,,,,,,,,,,,,,0,,,,,,,,,,,,,0,,,,0,0,,,,,,,,,,,,,0,,0,,,,,0,0,0,,0,0,0,,,,,,,,,,,,,,,,,2,
F006710,16503,Analysed,"Pineapple, canned in pineapple juice, juice only",194,194,90,0.3,0.05,0,0.4,0,0,3.3,3,4.7,0,0,,11,0,11,0,,,,,,,,,,,,,,0,,11,11,,0.9,,0,0.4,0,,0,,,,,,,,6,,,,,,0,0.31,,12,,,,,8,166,0.1,1,,,0.31,0,,3,,3,0,,,,0.021,0.01,0.1,0.05,0.15,,0.1,,0,19,0,19,19,9,0,0,0,0,0,0.2,,,,,,,,0.21,,,,,,,,,,,,,,,,,,,0,,,,,,,,,,,,,0,,,,0,0,,,,,,,,,,,,,0,,0,,,,,0,0,0,,0,0,0,,,,,,,,,,,,,,,,,3,
F006713,16503,Analysed,"Pineapple, canned in syrup, syrup only",399,399,81.6,0.3,0.05,0,0.2,0,0,5.5,5.3,13,0,0,,23.8,23.8,23.8,0,,,,,,,,,,,,,,0,,23.8,23.8,,0.9,,0,0.5,0,,0,,,,,,,,5,,,,,,0,0.32,,10,,,,,0,97,0,1,,,0.22,0,,0,,0,0,,,,0.043,0.022,0.22,0,0.22,,0,,0,0,0,0,0,10,0,0,0,0,0,0,,,,,,,,0,,,,,,,,,,,,,,,,,,,0,,,,,,,,,,,,,0,,,,0,0,,,,,,,,,,,,,0,,0,,,,,0,0,0,,0,0,0,,,,,,,,,,,,,,,,,0,
F006827,16404,Analysed,"Plum, dark, canned in syrup, syrup only",493,493,104.9,0.4,0.06,0,0.3,0,0,14,13.6,1.8,0,0,,29.5,29.5,29.5,0.1,,,,,,,,,,,,,,0,,29.6,29.6,,0,,0,1,0,,0.2,,,,,,,,4,,,,0,,0,0.28,,6,0.097,,,,10,135,0,3,,,0.14,0,0,0,0,0,0,,,,0,0,0,0,0,,0,,0,0,0,0,0,0,0,0,0,0,0,0,,,,,,,,0,,,,,,,,,,,,,,,,,,,0,,,,,,,,,,,,,0,,,,0,0,,,,,,,,,,,,,0,,0,,,,,0,0,0,,0,0,0,,,,,,,,,,,,,,,,,0,
F007616,16202,Analysed,"Raspberry, canned in syrup, syrup only",411,411,112.9,0.3,0.06,0,0.3,0,0,11.2,11.1,1.9,0,0,,24.3,24.3,24.3,0,,,,,,,,,,,,,,0,,24.3,24.3,,1.5,,0,0.1,0,,0,,,,,,,,7,,,,0,,0,0.97,,10,0.195,,,,7,108,0,6,,,0.14,0,0,0,0,0,0,,,,0,0,0,0,0,,0,,0,0,0,0,0,7,0,0,0,0,0,0,,,,,,,,0,,,,,,,,,,,,,,,,,,,0,,,,,,,,,,,,,0,,,,0,0,,,,,,,,,,,,,0,,0,,,,,0,0,0,,0,0,0,,,,,,,,,,,,,,,,,0,
F008947,16202,Analysed,"Strawberry, canned in syrup, syrup only",446,446,109.4,0.2,0.03,0.3,0.3,0,0,12.2,12.1,1.8,0,0,,26.1,26.1,26.1,0.1,,,,,,,,,,,,,,0.1,,26.3,26.4,,0.8,,0,0.2,0,,0,,,,,,,,15,,,,0,,0,1.11,,8,0.208,,,,11,132,0,10,,,0,0,0,0,0,0,0,,,,0,0,0,0,0,,0,,0,0,0,0,0,18,0,0,0,0,0,0,,,,,,,,0,,,,,,,,,,,,,,,,,,,0,,,,,,,,,,,,,0,,,,0,0,,,,,,,,,,,,,0,,0,,,,,0,0,0,,0,0,0,,,,,,,,,,,,,,,,,0,
F004143,16702,Analysed,"Fruit salad, canned in fruit juice, juice only",198,197,89.8,0.4,0.07,0,0.4,0.2,0,4.4,2.9,3.3,0,0,,10.6,0,10.6,0,,,,,,,,,,,,,,0.8,,10.6,11.4,,0.3,,0,0.4,0,,0,,,0,,,,,6,,,,,,0,0.31,,9,,,,,12,177,0,5,,,0.26,0,,22,,22,4,,,,0.01,0.031,0.42,0,0.42,,0,,0,46,0,46,46,4,0,0,0,0,0,0.2,,,,,,,,0.2,,,,,,,,,,,,,,,,,,,0,,,,,,,,,,,,,0,,,,0,0,,,,,,,,,,,,,0,,0,,,,,0,0,0,,0,0,0,,,,,,,,,,,,,,,,,0,
F003539,23503,Analysed,"Dip, hummus (hommus), commercial",1039,1007,54.1,6.9,1.1,19.5,1.9,3.9,0,0,0,0.8,0,0,,0.8,0,0,8.6,,,,,,,,,,,,,,,,9.4,9.4,0,0.9,,0,0,,0,0,,,,250,,0,,49,,,,0.3,,1.6,1.6,0,65,0.67,,39,,160,260,4.5,410,,,1.2,0,0,0,0,0,0,,,,0.16,0.03,0,1.16,1.16,0.19,0.06,,0,91,0,91,91,0,0,0,0,0,0,3.3,,0,,0,,11,,4.4,0,0,0,0,,0,,0,0,1.12,0,0.58,,0.09,,0.04,,0,1.83,,0,,0.04,0,9.17,,0.11,,0,0,0,9.32,,,,5.87,1.01,,0,,0,,0,,0,0,,,0,0,,0,0,,0,,0,6.88,0,,74.57,0,0,,,,,,,,,,,,,,,,,68,
F002984,22203,Analysed,"Coconut, fresh, mature, water or juice",87,87,93.5,0.5,0.09,0.1,0.8,0,0,0.2,1.3,3.2,0,0,,4.7,0,4.7,0,,,,,,,,,,,,,,,,4.7,4.7,,,,,,,,,,,,,,,,17,,,,0.01,,0,0.6,,11,1.03,,,,59,200,1,17,,,0.16,0,,0,,0,0,,,,0.02,0.01,0.08,0.08,0.16,,0.03,,0,3,0,3,3,0,0,0,0,0,0,0,,,,,,,,0,0,0,0.01,0,,0.04,,0.02,0,0.01,0,0,,0,,0,,0,0.09,,0,0,0,0,0,,0,,0,,,0,,,,0,0,,,,,,,,0,,,,0,0,,0,,,,,0,0,0,,0,0,0,,,,,,,,,,,,,,,,,4,
F002986,22203,Analysed,"Coconut, fresh, young or immature, water or juice",109,109,95.2,0.2,0.04,0,0.2,0,0,2.4,2.7,1.5,0,0,,6.6,0,6.6,0,,,,,,,,,,,,,,,,6.6,6.6,,,,,,,,,,,,,,,,12,,,,0.22,,0,0.4,,11,1.02,,,,9,186,1,5,,,0.09,0,,0,,0,0,,,,0.01,0.02,0.08,0.03,0.11,,0.03,,0,3,0,3,3,0,0,0,0,0,0,0,,,,,,,,0,0,0,0,0,,0,,0,0,0,0,0,,0,,0,,0,0,,0,0,0,0,0,,0,,0,,,0,,,,0,0,,,,,,,,0,,,,0,0,,0,,,,,0,0,0,,0,0,0,,,,,,,,,,,,,,,,,2,
F009794,22203,Analysed,"Water, coconut, commercial",54,54,95.2,0.2,0.03,0,0.5,0,0,0.7,0.7,1.8,0,0,,3.2,0,3.2,0,,,,,,,,,,,,,,,,3.2,3.2,,,,,,,,,,,,0,,0,,12,,,,0.006,,0,0,0,9,0.27,,0,,9,200,0,36,,,0.02,0,,0,,0,0,,,,0,0,0,0,0,0,0,,0,0,0,0,0,10,0,0,0,0,0,0,,0,,0,,0,,0,,,,,,,,,,,,,,,,,,,0,,,,,,,,,,,,,0,,,,0,0,,,,,,,,,,,,,0,,0,,,,,0,0,0,,0,0,0,,,,,,,,,,,,,,,,,0,
F002982,22203,Analysed,"Coconut, cream, regular fat",926,926,72.5,1.6,0.31,23.7,0.3,0,0,0,0,1.4,0,0,,1.4,0,0,0,,,,,,,,,,,,,,,,1.4,1.4,,,,,,,,,,,,0,,0,0,2,0,255,,0.153,10.2,1.7,0.52,0,20,0.377,,1.9,,33,133,0,16,,,0.26,0,0,0,0,0,0,,,,0,0,0,0.19,0.19,0,0,2.2,0,0,0,0,0,0,0,0,0,0,0,0.7,,,,,,,,0.71,0,0.13,1.36,1.11,,9.16,,3.68,0,2.9,0,0.82,,0.02,,0,,0,19.19,,0,,0,0,2.41,,0,,0,,0,2.41,,,,0.51,0,,0,,,,0,,0,0,,,0,0,,0,0,,0,,0,0.51,0,,0,0,0,,,,,,,,,,,,,,,,,11,
F002991,22203,Analysed,"Coconut, milk, canned, regular fat",633,633,79.2,1.4,0.26,15.7,0.4,0,0,0,0,1.7,0,0,,1.7,0,0,0,,,,,,,,,,,,,,,,1.7,1.7,,,,,,,,,,,,0,,0,0,3,1.5,,,0.184,,2,0.67,0,26,0.469,,2,,41,163,0,26,,,0.32,0,,6,,6,1,,,,0,0,0,0.22,0.22,0,0,,0,0,0,0,0,0,0,0,0,0,0,0.2,,,,,,,,0.2,0,0.09,0.9,0.74,,6.08,,2.44,0,1.92,0,0.55,,0.01,,0,,0,12.74,,0,,0,0,1.6,,0,,0,,0,1.6,,,,0.34,0,,0,,,,0,,0,0,,,0,0,,0,0,,0,,0,0.34,0,,0,0,0,,,,,,,,,,,,,,,,,13,
F002990,22203,Analysed,"Coconut, milk, canned, reduced fat",293,293,91.5,0.6,0.12,7.2,0.1,0,0,0.1,0.1,0.7,0,0,,0.9,0,0,0,,,,,,,,,,,,,,,,0.9,0.9,,,,,,,,,,,,,,,,5,,,,0.204,,4.2,0.2,,6,0.745,,,,11,62,2.1,15,,,0.22,0,,6,,6,1,,,,0,0,0.1,0.09,0.2,,0.03,,0,0,0,0,0,0,0,0,0,0,0,0.8,,,,,,,,0.82,,,,1.13,,3.63,,1.16,0,0.45,0,0.15,,0,,0,,0,6.52,,0,0,0,0,0.25,,0,,0,,,0.25,,,,0.05,0,,,,,,,,0,,,,0,0,,0,,,,,0,0.05,0,,0,0,0,,,,,,,,,,,,,,,,,6,
F009076,22102,Analysed,"Tahini, sesame seed pulp",2717,2609,0.2,20.4,3.26,60.7,3.4,13.5,0,0,0,0.7,0,0,,0.7,0,0,0.3,,,,,,,,,,,,,,,,1,1,,,,,,0.6,,,,,,,0,3,3.1,330,,70,,1.594,110,0,5.1,1.7,320,1.1,0,,,730,190,20.6,79,200,0.3,5.53,0,0,7,0,7,1,,,,0.95,0.25,6.4,6.41,12.81,0.15,0.2,14,0,99,0,99,99,0,0,0,0,0,0,0,,,,,,0,,0,,,,0,,0,,0,0,5.16,0,2.38,,0,,0,,0,7.54,,,0,0,0,22.22,,0.23,,0,,,22.46,,,,27.91,0.12,,,,,,,,0,,,,0,0,,0,,,,,0,28.03,0,,754.38,0,0,,,,,,,,,,,,,,,,,377,
F004219,27102,Borrowed,"Glucose, liquid or syrup",1762,1762,28.4,0,0,0,0.1,0,0,0,26.4,0,19.5,0,,45.9,45.9,45.9,0,,,,,,,,,60.5,,,,,,,121.6,121.6,,,,,,,,,,,,,,,,11,,264,,0.125,,0,0.7,,3,0,,,,15,4,0,208,,,0,0,,0,,0,0,,,,0,0,0,0,0,0,0,0,0,0,0,0,0,0,0,0,0,0,0,0,,,,,,,,0,,,,,,,,,,0,,,,,,,,,0,,,,,,0,,,,,,,0,,,,0,0,,,,,,,,,,,,,0,,0,,,,,0,0,0,,0,0,0,,,,,,,,,,,,,,,,,0,
F004380,27102,Analysed,Honey,1662,1662,21.9,0.4,0.07,0,0.3,0,0,57.2,44.3,0,1.8,0,,103.4,0,103.4,0,,,,,,,,,,,,,,,,103.4,103.4,0,0,,0,0,,0,0,,,,90.1,,0,,11,,,,0.018,,0,0.17,2.1,3,0.529,,0,,6,94,0,11,,,0.24,0,,0,,0,0,,,,0,0,0,0.06,0.06,,0.02,,0,0,0,0,0,0,0,0,0,0,0,0,,0,,0,,0,,0,,,,,,,,,,0,,,,,,,,,0,,,,,,0,,,,,,,0,,,,0,0,,,,,,,,,,,,,0,,0,,,,,0,0,0,,0,0,0,,,,,,,,,,,,,,,,,4,
F009049,27102,Analysed,"Syrup, golden",1732,1732,24.5,0.4,0.06,0,2.9,0,0,31.7,36.6,38.7,0.9,0,,107.8,107.8,107.8,0,,,,,,,,,,,,,,,,107.8,107.8,,,,,,,,,,,,,,,,331,,,,0.115,,0,4.75,,53,0.086,,,,0,878,1.2,187,,,0,0,,0,,0,0,,,,0,0,0.58,0,0.58,,0.27,,0,0,0,0,0,0,0,0,0,0,0,0,,,,,,,,0,,,,,,,,,,0,,,,,,,,,0,,,,,,0,,,,,,,0,,,,0,0,,,,,,,,,,,,,0,,0,,,,,0,0,0,,0,0,0,,,,,,,,,,,,,,,,,0,
F009052,27102,Borrowed,"Syrup, maple, pure",1439,1439,43.1,0,0.01,0.1,0.6,0,0,0.7,2.1,77.6,,,,80.4,80.3,80.3,8.8,,,,,,,,,,,,,,,,89.1,89.1,,,,,,,,,,,,,,,,136,,,,,,0,0.15,,28,,,,,3,282,0.8,16,,,1.96,0,0,0,,0,0,,,,0.088,1.689,0.11,0,0.11,,0,,0,0,0,0,0,0,0,0,0,0,0,0,,,,,,,,0,,,,,,,,,,,,,,,,,,,0.01,,,,,,,,,,,,,0.02,,,,0.03,0,,,,,,,,,,,,,0,,0,,,,,0,0.03,0,,0,0,0,,,,,,,,,,,,,,,,,0,
F009949,27102,Borrowed,"Syrup, malt",1771,1771,23.1,8.2,1.32,0,1.7,0,0,,,,,,,65.2,65.2,65.2,34.6,,,,,,,,,,,,,,,,99.8,99.8,,,,,,,,,,,,,,,,81,,,,,,0,1.28,,96,,,,,314,426,16.4,46,,,0.19,0,,0,,0,0,,,,0.015,0.523,10.8,0,10.8,,0.66,,0,16,0,16,16,0,0,0,0,0,0,0,,,,,,,,0,0,0,0,0,,0,,0,0,0,0,0,,0,,0,,0,0,,0,,0,0,0,,0,,0,,0,0,,,,0,0,,0,,,,0,,0,0,,,0,0,,0,0,,0,,0,0,0,,0,0,0,,,,,,,,,,,,,,,,,0,
F009937,27102,Borrowed,"Syrup, rice malt",1802,1802,21.8,0.4,0.07,0,0.3,0,0,,,,,,,72.5,72.5,72.5,37.4,,,,,,,,,,,,,,,,109.8,109.8,,,,,,,,,,,,,,,,27,,,,,,0,1.33,,12,,,,,15,41,0,19,,,0.27,0,,0,,0,0,,,,0.027,0,0,0,0,,0,,0,0,0,0,0,0,0,0,0,0,0,0,,,,,,,,0,0,0,0,0,,0,,0,0,0,0,0,,0,,0,,0,0,,0,,0,0,0,,0,,0,,0,0,,,,0,0,,0,,,,0,,0,0,,,0,0,,0,0,,0,,0,0,0,,0,0,0,,,,,,,,,,,,,,,,,0,
F009956,27102,Borrowed,Treacle or molasses,1594,1589,38.6,0.8,0.14,0.1,5.4,0.6,0,21.5,20,56.4,0.4,0,,98.3,98.3,98.3,0,,,,,,,,,,,,,,,,98.3,98.3,,,,,,,,,,,,,,,,146,,,,,,0.9,9.88,,271,,,,,44,2080,0,94,,,0,0,,0,,0,0,,,,0,0,0.48,0,0.48,,0,,0,0,0,0,0,0,0,0,0,0,0,0,,,,,,,,0,0,0,0,0,,0,,0,0,0,0,0,,0,,0,,0,0,,0,,0,0,0,,0,,0,,0,0,,,,0,0,,0,,,,0,,0,0,,,0,0,,0,0,,0,,0,0,0,,0,0,0,,,,,,,,,,,,,,,,,0,
